Block Index,Storage Assignment (Mb) C = 1,Storage Assignment (Mb) C = 2,Storage Assignment (Mb) C = 3,Storage Assignment (Mb) C = 4,Storage Assignment (Mb) C = 5,Blockchain size (Mb)
0,0,0,0,0,0,0.048598
1,0,0,0,0,0,0.146594
2,0,0,0,0,0,0.189039
3,0,0,0,0,0,0.232568
4,0,0,0,0,0,0.278365
5,0,0,0,0,0,0.327175
6,0,0,0,0,0,0.371164
7,0,0,0,0,0,0.41794
8,0,0,0,0,0,0.459381
9,0,0,0,0,0,0.508415
10,0,0,0,0,0,0.551923
11,0,0,0,0,0,0.60244
12,0,0,0,0,0,0.644842
13,0.10498064285714286,0.1535322857142857,0.22635975,0.2830033333333334,0.3962905,0.679723
14,0.11706028571428571,0.17102657142857142,0.251976,0.31493666666666664,0.440858,0.755528
15,0.12321628571428571,0.1804265714285714,0.266242,0.3329873333333333,0.466478,0.800944
16,0.12887985714285716,0.18931771428571428,0.2799745,0.3504853333333333,0.491507,0.84613
17,0.1359127142857143,0.19980542857142858,0.2956445,0.370186,0.519269,0.894498
18,0.14160857142857142,0.20870414285714287,0.3093475,0.3876256666666667,0.544182,0.939338
19,0.15353121428571428,0.22561142857142857,0.33373175,0.4178253333333333,0.5860125,1.009123
20,0.16276014285714285,0.24127528571428572,0.359048,0.450649,0.633851,1.099212
21,0.16853692857142857,0.24989185714285714,0.37192425,0.4668383333333333,0.6566665,1.138969
22,0.17547957142857143,0.2610821428571429,0.389486,0.4893556666666667,0.689095,1.198436
23,0.207816,0.306491,0.4545035,0.5696243333333333,0.799866,1.38145
24,0.21401707142857143,0.31562614285714286,0.46803975,0.5865836666666667,0.8236715,1.422527
25,0.22013157142857143,0.32463914285714285,0.4814005,0.603326,0.847177,1.463106
26,0.3315888571428572,0.45421371428571433,0.638151,0.7812133333333334,1.067338,1.716748
27,0.3380748571428572,0.4652247142857143,0.6559495,0.804291,1.100974,1.780098
28,0.35924064285714286,0.4940832857142857,0.69634725,0.8536636666666666,1.1682965,1.887797
29,0.3651657857142857,0.5028935714285714,0.70948525,0.8701676666666667,1.1915325,1.928189
30,0.3711437857142857,0.5119645714285714,0.72319575,0.8874866666666666,1.2160685,1.971491
31,0.37611414285714284,0.5207402857142858,0.7376795,0.90641,1.243871,2.024766
32,0.38319321428571435,0.5314934285714287,0.75394375,0.9269606666666667,1.2729945,2.076203
33,0.3901468571428572,0.5416467142857143,0.7688965,0.9456463333333334,1.299146,2.120998
34,0.3982545,0.553135,0.78545575,0.9661496666666666,1.3275375,2.168327
35,0.4055055714285714,0.5638561428571428,0.801382,0.9861243333333334,1.355609,2.216908
36,0.4117095,0.57394,0.81728575,1.0065546666666667,1.3850925,2.271227
37,0.41971285714285717,0.5872847142857143,0.8386425,1.034143,1.425144,2.346006
38,0.4270484285714286,0.5980298571428572,0.854502,1.0539803333333335,1.452937,2.39374
39,0.4406745714285714,0.6207001428571428,0.8907385,1.1007683333333336,1.520828,2.520358
40,0.4462462142857143,0.6293114285714286,0.90390925,1.1174853333333334,1.5446375,2.562913
41,0.4539230714285714,0.6414021428571428,0.92262075,1.1413463333333336,1.5787975,2.624707
42,0.46706142857142857,0.6637308571428572,0.958735,1.1881826666666666,1.647078,2.753372
43,0.47780992857142857,0.6814138571428572,0.98681975,1.2243576666666665,1.6994335,2.850455
44,0.4864565714285714,0.6949631428571429,1.007723,1.2509806666666665,1.737496,2.919092
45,0.4911521428571428,0.7021402857142857,1.0186225,1.2647753333333336,1.757081,2.953834
46,0.49941128571428567,0.7160715714285714,1.041062,1.2938323333333335,1.799373,3.033244
47,0.5040421428571429,0.7233842857142857,1.0523975,1.3082966666666664,1.820095,3.07079
48,0.5087775,0.730305,1.06259625,1.321045,1.8379425,3.101385
49,0.5174775714285714,0.7456831428571429,1.0879915,1.3542313333333333,1.886711,3.194878
50,0.5250613571428572,0.7588407142857143,1.10950975,1.3822523333333332,1.9277375,3.272911
51,0.5315231428571429,0.7696882857142857,1.126936,1.4047953333333332,1.960514,3.334312
52,0.5385243571428572,0.7809597142857143,1.14461275,1.427454,1.9931365,3.394095
53,0.5442584285714286,0.7901188571428571,1.1589095,1.4457466666666667,2.019421,3.442046
54,0.5550587142857143,0.8049624285714286,1.179818,1.4713723333333333,2.054481,3.498652
55,0.5707342857142856,0.8294385714285714,1.217495,1.5193166666666666,2.12296,3.62186
56,0.5770888571428572,0.8385357142857143,1.230706,1.5357273333333332,2.14577,3.660256
57,0.5829685,0.847277,1.24373975,1.5520996666666667,2.1688195,3.700319
58,0.5891784285714287,0.8568798571428572,1.258432,1.5707503333333332,2.195387,3.74782
59,0.5961651428571428,0.8676292857142857,1.2748255,1.5915336666666668,2.22495,3.800498
60,0.6024558571428572,0.8769517142857143,1.2886955,1.6089406666666668,2.249431,3.842942
61,0.6075285,0.884741,1.30055975,1.6239743333333332,2.2708035,3.880975
62,0.6126825,0.892746,1.31284125,1.639582,2.2930635,3.920889
63,0.6173548571428572,0.9001267142857143,1.3242845,1.654185,2.313986,3.958806
64,0.6228585714285714,0.9093911428571428,1.33919,1.673478,2.342054,4.011456
65,0.6284748571428571,0.9174537142857143,1.350922,1.688064,2.362348,4.045704
66,0.6327768571428571,0.9241987142857143,1.3613315,1.7013236666666667,2.381308,4.079906
67,0.6393051428571428,0.9336732857142857,1.3752255,1.718655,2.405514,4.121154
68,0.6459737142857144,0.9435204285714285,1.3898405,1.7369783333333333,2.431254,4.165654
69,0.65109,0.951591,1.4023425,1.752927,2.454096,4.207014
70,0.8473050714285714,1.2038351428571428,1.73863025,2.154582,2.9864855,4.991421
71,0.8822047142857143,1.2487624285714287,1.798599,2.226249666666667,3.081551,5.131808
72,0.8915825714285713,1.2618421428571427,1.8172315,2.249201,3.11314,5.183634
73,1.2394542142857143,1.7009234285714285,2.39312725,2.931508,4.0082695,6.460569
74,1.2459832142857143,1.7106614285714286,2.40767875,2.9498033333333336,4.0340525,6.505495
75,1.2537435714285714,1.7227721428571428,2.426315,2.973515,4.067915,6.5664
76,1.2599686428571428,1.7318172857142857,2.43959025,2.9900803333333337,4.0910605,6.605881
77,1.2699625,1.74842,2.46610625,3.0243066666666665,4.1407075,6.698405
78,1.2782497857142856,1.7614865714285715,2.48634175,3.050118,4.1776705,6.765315
79,1.2877888571428573,1.7757087142857144,2.5075885,3.0768283333333333,4.215308,6.830878
80,1.5183240714285713,2.062318142857143,2.87830925,3.512969,4.7822885,7.615917
81,1.5255383571428573,2.0726157142857144,2.89323175,3.5314886666666667,4.8080025,7.659083
82,1.5409749285714287,2.0970048571428572,2.93104975,3.5797513333333333,4.8771545,7.784419
83,1.5517001428571426,2.1135802857142854,2.9564005,3.6119273333333335,4.922981,7.866322
84,1.5523310714285714,2.1142821428571428,2.95720875,3.6128183333333337,4.9240375,7.867315
85,1.5617197857142857,2.1299455714285713,2.98228425,3.6452143333333336,4.9710745,7.955161
86,1.5682533571428572,2.1395887142857144,2.99659175,3.6631496666666665,4.9962655,7.998695
87,1.5764187142857142,2.1519774285714286,3.0153155,3.6868006666666666,5.029771,8.057822
88,1.5846195714285713,2.1645741428571426,3.034506,3.7111196666666664,5.064347,8.119364
89,1.5979324285714287,2.1843478571428574,3.063971,3.7481223333333333,5.116425,8.209816
90,1.6039375,2.193508,3.07786375,3.765696,5.1413605,8.253987
91,1.6117206428571427,2.2038522857142855,3.09204975,3.78287,5.1645105,8.289843
92,1.6206105714285715,2.215655142857143,3.108222,3.8024406666666666,5.190878,8.330624
93,1.6247538571428572,2.2225577142857147,3.1192635,3.8167013333333335,5.211577,8.369254
94,1.6302319285714286,2.230575857142857,3.13109175,3.831493,5.2322955,8.404815
95,1.633913,2.236248,3.1397505,3.8424746666666665,5.247923,8.43269
96,1.6374002857142858,2.2417675714285714,3.1483185,3.8534136666666665,5.263604,8.461142
97,1.6420569285714286,2.2490468571428575,3.15953175,3.8676866666666667,5.2839965,8.497859
98,1.6461554285714286,2.2557408571428574,3.170119,3.881302,5.303668,8.534196
99,1.650939,2.263261,3.181744,3.8961196666666664,5.324871,8.572508
100,1.6563144285714286,2.271468857142857,3.1942005,3.9118806666666663,5.347241,8.612162
101,1.6600969285714287,2.277812857142857,3.20438675,3.9250553333333333,5.3663925,8.648023
102,1.8758545,2.548559,3.55761575,4.342437666666666,5.9120815,9.417863
103,1.881378,2.557158,3.570828,4.359238,5.936058,9.46092
104,1.8951682857142857,2.5763855714285713,3.5982115,4.392965,5.982472,9.537042
105,1.9049997142857142,2.5904654285714286,3.618664,4.418374,6.017794,9.59652
106,1.9096708571428573,2.5978917142857147,3.630223,4.433147333333334,6.038996,9.635092
107,1.9161935,2.607326,3.64402475,4.450346,6.0629885,9.675855
108,1.9243667857142857,2.6192095714285712,3.66147375,4.472123666666666,6.0934235,9.727799
109,1.9308580714285715,2.628827142857143,3.67578075,4.490078,6.1186725,9.771567
110,1.9372407142857144,2.6389314285714285,3.6914675,4.510106666666666,6.147385,9.82367
111,1.9480102142857143,2.6572324285714286,3.72106575,4.548491666666666,6.2033435,9.929111
112,1.9553898571428572,2.6678017142857144,3.7364195,4.567566666666666,6.229861,9.973766
113,1.9624545714285713,2.6781571428571427,3.751711,4.586697333333334,6.25667,10.019836
114,1.9875912142857144,2.7128914285714285,3.80084175,4.647025333333334,6.3393925,10.154203
115,1.9950951428571426,2.7242002857142853,3.817858,4.668480666666666,6.369726,10.207472
116,2.0032762857142856,2.7367265714285716,3.836902,4.692594,6.403978,10.268304
117,2.008647,2.74513,3.8498545,4.709084666666666,6.427545,10.310762
118,2.0142732857142858,2.753673571428571,3.862774,4.7254076666666665,6.450675,10.351604
119,2.0198408571428574,2.7623937142857145,3.876223,4.742534666666666,6.475158,10.39574
120,2.0278452857142857,2.7740155714285715,3.893271,4.763803,6.504867,10.446384
121,2.0344727857142857,2.784002571428571,3.90829725,4.782748666666666,6.5316515,10.493417
122,2.0414879285714287,2.7946978571428573,3.92451275,4.803257666666666,6.5607475,10.544939
123,2.0509334285714287,2.8082578571428574,3.9442445,4.827789666666666,6.59488,10.602542
124,2.0580603571428573,2.8188977142857143,3.96015375,4.847797333333334,6.6230845,10.651723
125,2.0667179285714288,2.831388857142857,3.97839525,4.870511333333334,6.6547435,10.705393
126,2.0712175714285714,2.838484142857143,3.989384,4.884528333333334,6.674817,10.741732
127,2.0785435714285714,2.8496981428571426,4.00643,4.906110333333334,6.705471,10.796164
128,2.0839832857142855,2.858028571428571,4.0190965,4.922149333333334,6.728255,10.836634
129,2.0895376428571426,2.8662462857142854,4.03130925,4.937469333333334,6.7497895,10.873921
130,2.096643,2.876477,4.046228,4.956034333333334,6.775647,10.917676
131,2.1034613571428573,2.8866267142857147,4.06137475,4.975067666666666,6.8024535,10.964315
132,2.111417,2.898475,4.079062,4.997296333333334,6.833765,11.018812
133,2.1190431428571426,2.9094782857142856,4.095131,5.017305333333334,6.861654,11.066092
134,2.1276279285714286,2.922583857142857,4.11501775,5.042466333333334,6.8973635,11.129383
135,2.136273357142857,2.9353037142857143,4.13384925,5.066051333333334,6.9304555,11.186425
136,2.1427539285714285,2.944792857142857,4.14785125,5.083563333333334,6.9549875,11.228545
137,2.1475317142857144,2.9521374285714286,4.159046,5.097752666666666,6.975166,11.26448
138,2.1606257142857146,2.9696044285714285,4.1830725,5.126881,7.014498,11.325702
139,2.1653875,2.977553,4.19580125,5.143327666666666,7.0383805,11.370317
140,2.1718580714285713,2.9873151428571427,4.21050075,5.161867333333334,7.0646005,11.416399
141,2.1824849285714287,3.0029438571428573,4.23363225,5.190834333333334,7.1052385,11.486425
142,2.1912950714285713,3.0168171428571426,4.25510025,5.218209333333334,7.1444275,11.557309
143,2.1965730714285714,3.0252201428571426,4.26819075,5.234945666666666,7.1684555,11.601059
144,2.2027375714285715,3.035656142857143,4.285034,5.256772333333334,7.200249,11.66086
145,2.2093689285714286,3.0458608571428574,4.30059875,5.276506,7.2283205,11.710887
146,2.2158662857142852,3.055171571428571,4.3141295,5.293319,7.251698,11.750274
147,2.219946642857143,3.0618442857142854,4.32469075,5.306904666666666,7.2713325,11.786567
148,2.2254365,3.070113,4.33712775,5.322583666666666,7.2934955,11.825471
149,2.2302892857142855,3.0774485714285715,4.3481875,5.33654,7.313245,11.86023
150,2.238677357142857,3.0897277142857145,4.36630325,5.359195333333334,7.3449795,11.914705
151,2.244487142857143,3.0980952857142854,4.3785075,5.374383666666666,7.366136,11.950514
152,2.2503822857142857,3.1075955714285715,4.3934155,5.393497666666666,7.393662,12.000986
153,2.2566587142857144,3.1178394285714286,4.4096105,5.4143213333333335,7.423743,12.05653
154,2.2624802857142856,3.1267495714285714,4.4231535,5.431467666666666,7.448096,12.09977
155,2.267775142857143,3.1346232857142855,4.4348955,5.446218333333334,7.468864,12.135874
156,2.276035642857143,3.1486982857142856,4.45769225,5.475798666666666,7.5120115,12.217277
157,2.2832912857142853,3.159259571428571,4.473212,5.495175,7.539101,12.263556
158,2.288475357142857,3.1675957142857145,4.48627625,5.511916666666666,7.5631975,12.307685
159,2.295066428571429,3.1779998571428574,4.5024,5.532489,7.592667,12.361068
160,2.3027448571428573,3.1885987142857144,4.5173795,5.550875666666666,7.617868,12.401954
161,2.3084390714285714,3.196906142857143,4.52960675,5.566151666666666,7.6392415,12.438539
162,2.3142322142857146,3.2059384285714287,4.54349775,5.583821666666666,7.6644695,12.483887
163,2.319594857142857,3.2142287142857144,4.5561795,5.599919,7.687398,12.524874
164,2.3284205714285715,3.227045142857143,4.574982,5.623377333333334,7.720168,12.580744
165,2.3340740714285713,3.2356651428571426,4.58805175,5.639908,7.7436205,12.622275
166,2.344017,3.249523,4.607782,5.664205666666667,7.777053,12.677084
167,2.352446,3.26155,4.625206,5.685827333333333,7.80707,12.727456
168,2.358992928571429,3.2710608571428574,4.63916275,5.703242,7.8314005,12.768951
169,2.3750365,3.293249,4.67056775,5.741815666666667,7.8843115,12.854975
170,2.3831330714285714,3.304759142857143,4.68719825,5.762428666666667,7.9128895,12.902765
171,2.3884570714285713,3.313335142857143,4.70065225,5.779676666666667,7.9377255,12.948293
172,2.394029,3.321994,4.7139415,5.796567333333333,7.961819,12.99151
173,2.4029844285714286,3.335543857142857,4.734383,5.822369,7.998341,13.055832
174,2.4174334285714285,3.3556758571428573,4.7630395,5.857655666666667,8.046888,13.135394
175,2.4235785714285716,3.364982142857143,4.7770875,5.875391666666667,8.072,13.17965
176,2.4712001428571426,3.4239032857142853,4.852958,5.964445,8.187419,13.337844
177,2.482091857142857,3.4402107142857146,4.877389,5.995194333333333,8.230805,13.413664
178,2.4864797142857147,3.4474364285714287,4.8888715,6.009987666666667,8.25222,13.453394
179,2.4918985,3.455735,4.90148975,6.025965666666667,8.2749175,13.493711
180,2.499003071428571,3.465839142857143,4.91609325,6.044068666666667,8.3000195,13.535705
181,2.5093514285714287,3.4845328571428573,4.947305,6.085016666666667,8.36044,13.65254
182,2.516486,3.495791,4.9647485,6.107271,8.392316,13.71027
183,2.5225237857142853,3.5049655714285715,4.97862825,6.124810333333333,8.4171745,13.754185
184,2.5267065,3.51174,4.98929025,6.138496,8.4369075,13.790469
185,2.5345692142857144,3.5234594285714285,5.00679475,6.1605,8.4679105,13.844463
186,2.543094,3.535842,5.024964,6.18317,8.499582,13.898472
187,2.549403,3.545069,5.038568,6.200178333333333,8.523399,13.939324
188,2.555402857142857,3.5540987142857143,5.0521425,6.2172876666666665,8.547578,13.981742
189,2.5632775,3.565101,5.06783625,6.236630333333333,8.5742185,14.025529
190,2.5690319285714285,3.5740578571428574,5.08159675,6.254127,8.5991875,14.070363
191,2.5782685,3.587671,5.10177475,6.279411,8.6346835,14.131635
192,2.5838416428571427,3.5963102857142855,5.11501325,6.296226666666667,8.6586535,14.174561
193,2.5970464285714288,3.6144868571428574,5.1406475,6.327661333333333,8.701689,14.244166
194,2.603393,3.623933,5.154743,6.345373,8.726633,14.28756
195,2.608395428571429,3.631373857142857,5.1658415,6.359316333333333,8.746266,14.321698
196,2.6090252857142855,3.6320745714285714,5.1666485,6.360206,8.747321,14.32269
197,2.614733642857143,3.6407242857142856,5.17971025,6.376699333333333,8.7706775,14.363869
198,2.6251045,3.655665,5.20150575,6.403826333333333,8.8084675,14.427847
199,2.6310247857142857,3.6648055714285714,5.21547675,6.421554333333333,8.8337095,14.472931
200,2.636613,3.672976,5.2275205,6.436610666666667,8.854791,14.509082
201,2.6447914285714287,3.6840198571428573,5.2428625,6.455295666666667,8.880162,14.549198
202,2.6514282142857146,3.6941114285714285,5.25813625,6.4746,8.9075275,14.597565
203,2.6570507857142855,3.7022095714285714,5.26994775,6.489299666666667,8.9280035,14.632223
204,2.878710142857143,3.9800302857142857,5.6320105,6.916884,9.486631,15.418482
205,2.8842747142857146,3.9888384285714285,5.645684,6.934341666666667,9.511657,15.463892
206,2.889659,3.99725,5.6586365,6.950826,9.535205,15.506274
207,2.8954212857142854,4.006016571428571,5.6719095,6.967604,9.558993,15.548334
208,2.9006635,4.014045,5.68411725,6.983062333333333,9.5809525,15.587341
209,2.9073922857142853,4.024215571428571,5.6994505,7.002411,9.608332,15.635526
210,2.9140032857142852,4.034545571428572,5.715359,7.022658333333333,9.637257,15.687592
211,2.9195132857142854,4.042941571428571,5.728084,7.038750333333333,9.660083,15.727996
212,2.9266864285714287,4.0530548571428575,5.7426075,7.056704,9.684897,15.769158
213,2.9350475714285715,4.065554142857143,5.761314,7.080238333333333,9.718087,15.827092
214,2.940319071428571,4.074321142857142,5.77532425,7.098326666666667,9.7443315,15.876029
215,2.9455666428571425,4.082814285714286,5.78868575,7.115474666666667,9.7690525,15.921467
216,2.9512662857142855,4.091406571428571,5.801617,7.131780666666667,9.792108,15.961964
217,2.9565897142857147,4.099911428571429,5.814894,7.148769333333333,9.81652,16.006504
218,2.9648008571428575,4.112076714285714,5.8329905,7.171479,9.848456,16.061862
219,2.9780750714285715,4.131140142857142,5.86073775,7.205980333333333,9.8964655,16.142911
220,3.236026642857143,4.468544285714286,6.31732075,7.755258,10.6311325,17.255247
221,3.2421648571428574,4.477951714285714,6.331632,7.773383333333333,10.656886,17.301016
222,3.2681117142857143,4.511189428571429,6.375806,7.826063333333333,10.726578,17.403088
223,3.2735979285714287,4.519521857142857,6.38840775,7.841985666666667,10.7491415,17.442935
224,3.2800686428571426,4.528844285714285,6.40200775,7.858912666666667,10.7727225,17.482859
225,3.286519642857143,4.5387632857142854,6.41712875,7.878079666666667,10.7999815,17.531411
226,3.2932200714285713,4.5488671428571426,6.43233775,7.897259333333333,10.8271025,17.579059
227,3.3019665714285713,4.561730142857143,6.4513755,7.921099666666667,10.860548,17.63669
228,3.3090214285714286,4.573015857142857,6.4690075,7.943667666666667,10.892988,17.695922
229,3.3129662857142854,4.578833571428571,6.4776345,7.954479666666667,10.90817,17.722142
230,3.316475571428571,4.584645142857143,6.4868995,7.966430666666667,10.925493,17.754374
231,3.3209480714285715,4.591584142857143,6.49753825,7.979947,10.9447645,17.788905
232,3.4379847142857147,4.739304428571429,6.691284,8.209490333333333,11.245903,18.218476
233,3.4427548571428574,4.746729714285714,6.702692,8.223996,11.266604,18.255648
234,3.4478064285714285,4.754216857142858,6.7138325,8.237978,11.286269,18.289746
235,3.4527576428571427,4.761776285714285,6.72530425,8.252492666666667,11.3068695,18.326261
236,3.4577282142857144,4.768964428571429,6.73581875,8.265594333333333,11.3251455,18.357307
237,3.4621651428571427,4.7762012857142855,6.7472555,8.280297666666668,11.346382,18.396506
238,3.4668857857142856,4.783612571428571,6.75870275,8.294884,11.3672465,18.434175
239,3.486107571428571,4.809540142857143,6.794689,8.338693666666668,11.426703,18.528056
240,3.5071619285714286,4.838893857142858,6.83649175,8.390179,11.4975535,18.644247
241,3.5137315,4.84858,6.85085275,8.408176,11.5228225,18.687879
242,3.5191512857142855,4.857320571428571,6.8645745,8.425772,11.548167,18.73437
243,3.5254347142857148,4.867198428571429,6.879844,8.445235,11.576017,18.784692
244,3.533985,4.881071,6.9017,8.473300333333333,11.616501,18.859204
245,3.5404260714285716,4.890997142857143,6.91685375,8.49252,11.6438525,18.907995
246,3.5455322857142852,4.899131571428571,6.9295305,8.508729666666667,11.667128,18.95039
247,3.5511153571428573,4.908446714285715,6.94444375,8.527997,11.6951035,19.002639
248,3.5572914285714288,4.918076857142857,6.959255,8.546838,11.722004,19.050996
249,3.563017142857143,4.926928285714285,6.972795,8.564024666666668,11.746484,19.094756
250,3.5706852142857146,4.937846428571429,6.98858825,8.583609666666668,11.7736525,19.140257
251,3.5787806428571427,4.949726285714285,7.00614475,8.605581333333332,11.8044545,19.193239
252,3.5870507142857146,4.961654428571429,7.02356,8.627264333333333,11.834673,19.244452
253,3.6423092142857145,5.0350284285714295,7.12410725,8.748946333333333,11.9986245,19.498069
254,3.6480696428571426,5.043543285714286,7.13675375,8.764806333333333,12.0209115,19.536631
255,3.6564662142857145,5.057705428571429,7.15956425,8.794343333333332,12.0639015,19.617349
256,3.6638685714285715,5.0685521428571425,7.1755775,8.814375,12.09197,19.66557
257,3.6705949285714286,5.078260857142857,7.18975975,8.832036666666667,12.1165905,19.707323
258,3.679390071428571,5.0916811428571425,7.21011775,8.857790666666668,12.1531365,19.772075
259,3.6849592142857146,5.100788428571429,7.22453225,8.876333,12.1799345,19.821609
260,3.6907167142857147,5.109441428571429,7.2375285,8.892707333333332,12.203065,19.862146
261,3.6989172857142854,5.121321571428571,7.254928,8.914399666666668,12.233343,19.91366
262,3.7060877142857147,5.132200428571429,7.2713695,8.935167666666668,12.262764,19.965578
263,3.7118260714285713,5.141256142857142,7.28540125,8.953069666666668,12.2884065,20.012021
264,3.7168537857142856,5.149339571428571,7.29806825,8.969301666666668,12.3117685,20.054801
265,3.7229915714285715,5.1585591428571425,7.3119105,8.986739333333333,12.336397,20.097946
266,3.730944,5.170627,7.3301515,9.009781666666667,12.369042,20.155562
267,3.736938142857143,5.179355285714285,7.342981,9.025801,12.391441,20.19384
268,3.7437314285714285,5.189856857142857,7.359045,9.046191333333333,12.420484,20.245756
269,3.8210577142857147,5.278597428571429,7.464907,9.16537,12.566296,20.405556
270,3.8267677857142854,5.287041571428571,7.47745225,9.181105,12.5884105,20.443833
271,3.8328725,5.296178,7.49113625,9.198326,12.6127055,20.486277
272,3.8390829285714285,5.305667857142858,7.50554525,9.216561,12.6385925,20.532189
273,3.8440123571428573,5.313249714285715,7.51710575,9.231216,12.6594365,20.569323
274,3.8507167857142854,5.323527571428571,7.53274375,9.251023,12.6875815,20.619351
275,3.8567147142857148,5.332755428571429,7.5468165,9.268864,12.712959,20.66457
276,3.8620564285714285,5.340838857142857,7.5590125,9.284258666666668,12.734751,20.702954
277,3.8672989285714285,5.348751857142857,7.57093125,9.299293,12.7560165,20.740341
278,3.8720278571428572,5.356203714285715,7.5824675,9.314006,12.777083,20.778462
279,3.8773322142857145,5.365016428571429,7.59654275,9.332174333333333,12.8034375,20.827579
280,3.8836189285714284,5.374467857142857,7.61074125,9.350065,12.8287125,20.871885
281,3.8879773571428573,5.381567714285715,7.62195325,9.364475333333331,12.8495195,20.910265
282,3.8939062857142854,5.390549571428571,7.6355145,9.381598333333333,12.873766,20.953006
283,3.900287571428571,5.3999751428571425,7.6495065,9.399142,12.898413,20.995626
284,3.9062849285714285,5.409413857142857,7.66410725,9.417757666666668,12.9250585,21.043805
285,3.9144053571428574,5.422720714285714,7.68519375,9.444895,12.9642975,21.116415
286,3.9270547857142852,5.439893571428571,7.70915175,9.474130333333331,13.0040875,21.179743
287,3.933062357142857,5.448817714285714,7.72245075,9.490832,13.0275945,21.220575
288,3.9390408571428575,5.457514714285715,7.7352255,9.506778333333331,13.049884,21.258634
289,3.9446782857142852,5.466316571428571,7.748774,9.524018666666668,13.074508,21.302936
290,3.9497105,5.474323,7.76124175,9.539956333333333,13.0973855,21.344575
291,3.9561007857142854,5.483573571428571,7.77478275,9.556834333333333,13.1209375,21.384619
292,3.9655115,5.496418,7.79277775,9.578835333333332,13.1509505,21.432691
293,3.9727246428571426,5.5068212857142855,7.80796625,9.597745666666668,13.1773045,21.477353
294,3.9788376428571426,5.5159262857142854,7.82155925,9.614829333333333,13.2013695,21.519241
295,3.9862925,5.526872,7.83774125,9.635084,13.2297695,21.568113
296,3.9926957142857145,5.536848428571429,7.8530775,9.654589,13.257612,21.618138
297,3.9981573571428575,5.545395714285714,7.86625325,9.671364666666667,13.2815875,21.661337
298,4.007177714285715,5.558398428571429,7.8852295,9.694987,13.314502,21.71709
299,4.013624214285715,5.567986428571429,7.89952975,9.712952333333332,13.3397975,21.761071
300,4.0194595714285715,5.576762142857143,7.912716,9.729569,13.363275,21.802236
301,4.029555142857142,5.5917512857142855,7.9350455,9.757607666666669,13.402732,21.870746
302,4.038611642857143,5.604408285714285,7.95310325,9.779866,13.4333915,21.921153
303,4.055414142857143,5.632368285714286,7.9977995,9.837579333333332,13.517139,22.077358
304,4.065326142857143,5.649792285714286,8.0264915,9.875035333333333,13.572123,22.182526
305,4.0712911428571426,5.658758285714286,8.039959,9.892004,13.596094,22.22454
306,4.078170428571428,5.6699528571428575,8.0576265,9.914706,13.628865,22.284954
307,4.085032857142857,5.6805267142857145,8.0737675,9.935177,13.657996,22.336914
308,4.0934674285714285,5.6922498571428575,8.0904235,9.955669666666667,13.686162,22.382954
309,4.100525285714285,5.702147571428571,8.104581,9.973140333333331,13.710259,22.422712
310,4.107806642857143,5.712698285714286,8.12003575,9.992409333333333,13.7371565,22.468483
311,4.113893142857143,5.721877285714285,8.1338535,10.009835,13.761798,22.511778
312,4.119530071428572,5.7300891428571425,8.14592775,10.024913333333332,13.7828845,22.547827
313,4.144760642857142,5.762169285714285,8.18828225,10.075259,13.8492125,22.643721
314,4.150132285714285,5.770195571428571,8.2002905,10.090364333333332,13.870512,22.680886
315,4.156876,5.780588,8.216156,10.110486666666668,13.899148,22.731968
316,4.162704071428571,5.789134142857143,8.22877925,10.126281,13.9212845,22.770021
317,4.170850357142857,5.800581714285714,8.24517875,10.146532,13.9492385,22.816239
318,4.179928,5.814127,8.2654255,10.171991,13.985122,22.878786
319,4.188289857142857,5.826492714285714,8.283797,10.195033666666667,14.017507,22.93484
320,4.1952428571428575,5.837539714285715,8.300985,10.216998,14.049024,22.992156
321,4.201404,5.846802,8.314899,10.23453,14.073792,23.035572
322,4.206366357142858,5.854587714285715,8.32691975,10.249844666666668,14.0956945,23.075099
323,4.211650071428571,5.862901142857143,8.33977775,10.266237333333333,14.1191565,23.117515
324,4.219733928571429,5.8754548571428575,8.35903625,10.290710666666667,14.1540595,23.180093
325,4.225549857142857,5.884485714285715,8.3728895,10.308314666666668,14.179165,23.225102
326,4.235631071428571,5.900991142857142,8.39903125,10.341951333333332,14.2277915,23.315041
327,4.241798,5.910234,8.412888,10.359396666666667,14.252414,23.358104
328,4.248318214285715,5.919633428571429,8.42660625,10.376474,14.2762095,23.398413
329,4.277621714285715,5.960832428571429,8.4856485,10.449394333333332,14.376886,23.56495
330,4.2835661428571425,5.969614285714285,8.4986865,10.465742666666667,14.399855,23.604674
331,4.2903047857142855,5.980846571428571,8.51665925,10.488958,14.4335555,23.667585
332,4.296735428571429,5.990307857142858,8.5306665,10.506501,14.45817,23.710014
333,4.307372785714286,6.005767571428571,8.55335975,10.534820333333332,14.4977415,23.777527
334,4.313394285714286,6.014722571428571,8.566715,10.551598,14.521364,23.818596
335,4.318353142857143,6.022108285714285,8.577741,10.565455333333333,14.540884,23.852572
336,4.325802928571429,6.034245857142857,8.59691025,10.590093666666668,14.5764605,23.918201
337,4.331293357142857,6.042770714285715,8.60998675,10.606710333333332,14.6001575,23.960683
338,4.344033142857143,6.062841285714286,8.6410535,10.646329666666668,14.656882,24.063314
339,4.350978285714286,6.073526571428571,8.657349,10.666988666666668,14.686268,24.115676
340,4.358004928571429,6.084794857142858,8.67497975,10.689568,14.7187445,24.175059
341,4.363485571428571,6.093628142857143,8.688842,10.707341666666668,14.744341,24.221996
342,4.369414142857143,6.102653285714285,8.702512,10.724624333333333,14.768849,24.265348
343,4.373869071428571,6.109830142857143,8.71377175,10.739059666666668,14.7896355,24.303455
344,4.380929642857143,6.120014285714285,8.72864125,10.757573333333331,14.8154375,24.347185
345,4.385618785714286,6.127330571428571,8.73989825,10.771895333333331,14.8358895,24.383965
346,4.391559142857143,6.136545285714285,8.7540245,10.789841666666668,14.861476,24.429806
347,4.399356142857143,6.148355285714286,8.771854,10.812353,14.893351,24.485988
348,4.4065345,6.160374,8.79113325,10.837279333333331,14.9295715,24.553753
349,4.641290928571429,6.456676857142857,9.17975575,11.297706,15.5336065,25.415403
350,4.648288285714285,6.468578571428571,9.199014,11.322686,15.57003,25.484064
351,4.653853071428571,6.476998142857143,9.21171575,11.338718333333334,15.5927235,25.524031
352,4.657913142857143,6.483515285714286,9.2219185,11.351787666666667,15.611526,25.55843
353,4.663630928571429,6.492036857142858,9.23464575,11.367786,15.6340665,25.597683
354,4.787140714285715,6.652705428571429,9.4510525,11.627544666666665,15.980529,26.117906
355,4.793404,6.662235,9.4654815,11.645784333333333,16.00639,26.163634
356,4.797717071428571,6.669132142857142,9.47625475,11.659572333333333,16.0262075,26.199811
357,4.803403,6.677704,9.4891555,11.67584,16.049209,26.240214
358,4.808653714285715,6.686108428571429,9.5022905,11.692654333333333,16.073382,26.284366
359,4.813799642857143,6.693935285714286,9.51413875,11.707630333333334,16.0946135,26.321899
360,4.8200997857142855,6.703586571428571,9.52881675,11.726218,16.1210205,26.368815
361,4.825948785714285,6.712407571428571,9.54209575,11.742964333333333,16.1447015,26.410423
362,4.832223214285714,6.721515428571429,9.55545375,11.759628,16.1679765,26.450091
363,4.838313857142857,6.730643714285715,9.5691385,11.776856666666665,16.192293,26.492618
364,4.843587357142857,6.738823714285714,9.58167825,11.792787333333333,16.2150055,26.533309
365,4.8496811428571425,6.747916285714285,9.595269,11.809876666666666,16.239092,26.575292
366,4.856899142857142,6.758834285714285,9.611737,11.830661333333333,16.26851,26.627092
367,4.898384071428571,6.809738142857142,9.67676925,11.906682333333334,16.3665085,26.758957
368,4.906784571428571,6.8233491428571424,9.698196,11.934188,16.406172,26.831904
369,4.921530214285714,6.847988428571429,9.73767575,11.985210333333335,16.4802795,26.970415
370,4.926842428571429,6.855690857142857,9.7489635,11.999286666666666,16.499933,27.003878
371,4.9326065,6.864832,9.76317025,12.017433333333335,16.5259595,27.051157
372,4.938226357142857,6.873253714285714,9.77579475,12.033326666666666,16.5483905,27.090383
373,4.949037285714286,6.892366571428571,9.8073605,12.074578,16.609013,27.20661
374,4.965766071428571,6.915219142857143,9.83939875,12.113760666666666,16.6624845,27.292343
375,5.019961928571429,7.021581857142857,10.02401175,12.359235,17.0296815,28.022679
376,5.0269837142857146,7.031708428571429,10.0387955,12.377641,17.055332,28.066146
377,5.033016214285714,7.040541428571429,10.05182925,12.393942,17.0781675,28.105353
378,5.038185785714285,7.048878571428571,10.06491775,12.410726,17.1023425,28.149699
379,5.044518571428571,7.057853142857143,10.077855,12.426745333333335,17.124526,28.186684
380,5.049468785714286,7.065652571428571,10.08992825,12.442142666666665,17.1465715,28.226573
381,5.3258180714285706,7.422487142857142,10.56749075,13.013604666666666,17.9058325,29.353367
382,5.334604857142858,7.434850714285715,10.5852195,13.035506333333334,17.93608,29.403442
383,5.344074,7.448325,10.6047015,13.059661,17.96958,29.459514
384,5.3510675,7.458458,10.61954375,13.078166,17.9954105,29.503467
385,5.3575132142857145,7.4679524285714285,10.63361125,13.095790333333333,18.0201485,29.546149
386,5.363913071428571,7.477639142857143,10.64822825,13.114242,18.0462695,29.592165
387,5.371082214285715,7.488080428571428,10.66357775,13.133409,18.0730715,29.637975
388,5.378868571428571,7.500004142857143,10.6817075,13.156365666666666,18.105682,29.695898
389,5.384264428571429,7.508532857142857,10.6949355,13.173248666666666,18.129875,29.739758
390,5.391618714285714,7.518948428571428,10.709943,13.191827666666667,18.155597,29.782616
391,5.399312785714286,7.530750571428571,10.72790725,13.214584666666665,18.1879395,29.840129
392,5.405290857142857,7.5400097142857145,10.742088,13.232593333333334,18.213604,29.886064
393,5.410605928571429,7.548283857142858,10.75480075,13.248758333333335,18.2366735,29.927491
394,5.436697357142857,7.581764714285715,10.79936575,13.301944333333333,18.3071015,30.030943
395,5.444766214285715,7.593655428571428,10.81698925,13.324026666666667,18.3381015,30.084449
396,5.4504313571428575,7.602162714285715,10.82975975,13.340113,18.3608195,30.124239
397,5.4559552857142855,7.610681571428572,10.842771,13.356618333333333,18.384313,30.166168
398,5.4629167857142855,7.6220545714285715,10.86076125,13.379755333333334,18.4177435,30.227929
399,5.470667357142857,7.634338714285715,10.87984575,13.404129,18.4526955,30.291399
400,5.478145,7.644981,10.895235,13.423210333333333,18.479161,30.335704
401,5.485547642857143,7.655853285714286,10.91131175,13.443335,18.5073815,30.384279
402,5.492903571428571,7.6663621428571425,10.92655,13.462251666666665,18.533655,30.42842
403,5.498819785714286,7.675375571428572,10.94020925,13.479524333333334,18.5581545,30.471781
404,5.5050005,7.684707,10.95426675,13.497257666666666,18.5832395,30.515891
405,5.510082142857143,7.692349285714285,10.96575,13.511728333333334,18.603685,30.55174
406,5.522447,7.709416,10.9898695,13.541333333333334,18.644261,30.617566
407,5.532048071428571,7.723518142857142,11.01072325,13.567438333333333,18.6808685,30.680581
408,5.539417642857143,7.734663285714285,11.02753175,13.588651666666665,18.7108915,30.733439
409,5.5442952142857145,7.742317428571428,11.03935075,13.60371,18.7324285,30.772311
410,5.550274357142857,7.7516107142857145,11.05361525,13.621841,18.7582925,30.818709
411,5.558542357142858,7.763488714285715,11.07090825,13.643345666666667,18.7882205,30.869249
412,5.566018571428571,7.774347142857143,11.08684,13.663223333333335,18.81599,30.9166
413,5.5718825,7.78314,11.10002625,13.679826666666665,18.8394275,30.957605
414,5.578856428571429,7.792886857142857,11.1139325,13.696968,18.863039,30.996426
415,5.584965,7.801907,11.12732,13.713752333333334,18.886617,31.037188
416,5.591196071428571,7.810759142857143,11.14010375,13.729594,18.9085745,31.073883
417,5.597429428571429,7.819874857142858,11.153543,13.746396,18.932102,31.114236
418,5.6036415,7.829327,11.16785525,13.764488333333334,18.9577545,31.159597
419,5.610357,7.839578,11.1834095,13.784167333333334,18.985683,31.209094
420,5.616319214285714,7.848448428571428,11.19664225,13.800793,19.0090945,31.249809
421,5.622454285714285,7.857795571428571,11.2108075,13.818705666666666,19.034502,31.294778
422,5.627784785714286,7.865623571428572,11.22238175,13.833193666666666,19.0548175,31.329743
423,5.636016785714285,7.878301571428572,11.24172875,13.857727666666666,19.0897255,31.391987
424,5.642721285714286,7.888665571428572,11.257582,13.877850333333335,19.118387,31.44322
425,5.647313357142857,7.895923714285715,11.26883925,13.892218,19.1389755,31.480545
426,5.653343928571429,7.9061008571428575,11.28523625,13.913452666666666,19.1698855,31.538597
427,5.658702928571429,7.914128857142857,11.29726775,13.928598,19.1912585,31.575963
428,5.671333357142857,7.931869714285715,11.32267425,13.959966666666666,19.2345515,31.647509
429,5.677253142857142,7.941077285714285,11.3368135,13.977941666666666,19.260198,31.693538
430,5.683173428571429,7.950907857142857,11.3525095,13.998199666666666,19.28958,31.748282
431,5.689250357142857,7.959779714285714,11.36557375,14.014524666666667,19.3124265,31.787411
432,5.6955282857142855,7.968951571428572,11.3790865,14.031413666666666,19.336068,31.827926
433,5.701295428571429,7.977386857142857,11.391524,14.046964,19.357844,31.86528
434,5.710389928571429,7.990707857142858,11.41118475,14.071555666666667,19.3922975,31.924451
435,5.716631928571429,7.999985857142858,11.42501675,14.088929666666665,19.4167555,31.966955
436,5.723342571428571,8.009517142857142,11.438779,14.105982666666666,19.44039,32.006444
437,5.7302585,8.019815,11.45414975,14.125299,19.4675975,32.053791
438,5.739822,8.033161,11.4731695,14.148731666666666,19.499856,32.106746
439,5.755660928571429,8.055719857142858,11.50580825,14.189210333333333,19.5560145,32.200825
440,5.761940571428571,8.066012142857142,11.5221195,14.210203,19.58637,32.257002
441,5.771656714285714,8.080109428571427,11.5427885,14.235983333333333,19.622373,32.318338
442,5.780841928571429,8.092642857142858,11.56034425,14.257445333333333,19.6516475,32.365213
443,5.785397428571429,8.100059857142858,11.5720535,14.272493,19.673372,32.405274
444,5.790369857142857,8.107864714285714,11.584107,14.287851,19.695339,32.444928
445,5.796751928571429,8.117786857142857,11.59933925,14.307213333333333,19.7229615,32.494489
446,5.803395928571429,8.127360857142857,11.61330825,14.324600666666665,19.7471855,32.535509
447,5.810351857142857,8.137317714285714,11.6277665,14.34256,19.772147,32.577522
448,5.822413857142857,8.154454714285714,11.652516,14.373230333333334,19.814659,32.648572
449,5.827417785714285,8.161826571428572,11.66343975,14.386916666666666,19.8338705,32.681723
450,5.833076714285714,8.170365428571428,11.6762985,14.403135333333333,19.856809,32.722042
451,5.8375575,8.177539,11.68751125,14.417489666666667,19.8774465,32.759741
452,5.842999142857143,8.185776285714285,11.699942,14.433182,19.899662,32.79888
453,5.851395642857143,8.198004285714285,11.71791725,14.455627333333334,19.9310475,32.852521
454,5.858022714285714,8.207507428571429,11.7317345,14.4728,19.954931,32.892786
455,5.86401,8.217643,11.7480925,14.493997666666665,19.985808,32.950862
456,5.869774785714285,8.225949571428572,11.76021175,14.509082333333334,20.0068235,32.986447
457,5.874953,8.233767,11.771988,14.523937666666667,20.027837,33.023396
458,5.880984285714286,8.242927571428572,11.7858425,14.541443,20.052644,33.067206
459,5.887155714285715,8.252361428571428,11.80017,14.559576666666667,20.07839,33.11288
460,5.894305857142857,8.263398714285714,11.817038,14.580979666666666,20.108863,33.1673
461,5.900399,8.27217,11.8298265,14.596892666666665,20.131025,33.204794
462,5.9059855714285705,8.280411142857142,11.8420495,14.612212666666666,20.152539,33.241958
463,5.911255928571429,8.288880857142857,11.85531825,14.629214,20.1770055,33.286749
464,5.917208642857143,8.297976285714286,11.86912775,14.64669,20.2018145,33.330747
465,5.922718857142857,8.306293714285715,11.881656,14.662493333333334,20.224168,33.370048
466,5.929583142857143,8.317018285714285,11.898171,14.683512,20.254194,33.424092
467,5.937437857142857,8.327904714285715,11.913605,14.702483,20.280239,33.466536
468,5.943880857142857,8.337345714285714,11.927543,14.719918666666667,20.30467,33.508508
469,5.950304785714286,8.346637571428571,11.94113675,14.736858333333334,20.3283015,33.548659
470,5.957371857142857,8.358000714285714,11.958944,14.759677666666667,20.361145,33.608804
471,5.9638412857142855,8.367518571428572,11.9730345,14.777324666666667,20.385905,33.651482
472,5.971062,8.37921,11.991432,14.800938,20.41995,33.714072
473,5.977198571428571,8.388562142857143,12.0056075,14.818865,20.44538,33.75909
474,5.984447142857142,8.400331285714286,12.0241575,14.842689,20.479752,33.822378
475,6.001536142857143,8.431842285714286,12.0773015,14.912658666666665,20.583373,34.024286
476,6.0072022857142855,8.440226571428571,12.089763,14.928291333333334,20.605348,34.06234
477,6.017172071428571,8.457134142857141,12.11707725,14.963699666666667,20.6569445,34.159469
478,6.022653285714285,8.46611057142857,12.1312965,14.981996666666666,20.683397,34.208402
479,6.030254428571429,8.477470857142858,12.1482955,15.003381333333333,20.713553,34.26103
480,6.036323642857143,8.486173285714285,12.16094775,15.019105666666666,20.7354215,34.297895
481,6.043047642857143,8.495562285714286,12.17433425,15.035601333333334,20.7581355,34.335205
482,6.048479642857143,8.503921285714286,12.18708375,15.051765666666666,20.7811295,34.376183
483,6.059008928571429,8.520813857142858,12.21352125,15.085627,20.8298385,34.465269
484,6.0655455,8.52999,12.22665675,15.101842,20.8522125,34.502223
485,6.071585428571429,8.538916857142858,12.239914,15.118467333333333,20.875574,34.54264
486,6.077701928571429,8.547596857142858,12.25243925,15.133983333333333,20.8970715,34.578529
487,6.083467285714286,8.55694157142857,12.267153,15.152873,20.924313,34.62864
488,6.093270928571429,8.571341857142858,12.28844825,15.179531,20.9616965,34.692993
489,6.099293,8.580131,12.301388,15.195699,20.984321,34.731732
490,6.110946428571429,8.596918857142859,12.3258775,15.226178666666666,21.026781,34.803614
491,6.116588142857143,8.605013285714286,12.337651,15.240813666666666,21.047139,34.837952
492,6.121998785714285,8.61302057142857,12.34955325,15.255745333333333,21.0681295,34.874305
493,6.136360428571429,8.633738857142859,12.3798065,15.293414666666665,21.120631,34.963298
494,6.142543285714286,8.64267557142857,12.392874,15.309695,21.143337,35.001852
495,6.147760428571429,8.650457857142857,12.404504,15.324317666666666,21.163945,35.037764
496,6.1541912142857145,8.659545428571429,12.41757675,15.34049,21.1863165,35.074959
497,6.164189428571429,8.675149857142857,12.4415905,15.371044333333334,21.229952,35.153446
498,6.1707917142857145,8.684759428571429,12.455711,15.388673333333333,21.254598,35.195548
499,6.178708714285714,8.69669442857143,12.473673,15.411323,21.286623,35.2518
500,6.185427214285714,8.70648542857143,12.48807275,15.429307333333334,21.3117765,35.294815
501,6.191713857142857,8.715690714285715,12.501656,15.446295666666666,21.335575,35.335676
502,6.197484857142857,8.724502714285714,12.5150295,15.463217,21.359592,35.37825
503,6.204604,8.734215,12.5286315,15.479844333333334,21.38227,35.414554
504,6.212059428571429,8.745983857142859,12.5468705,15.503115666666666,21.415606,35.474942
505,6.221751785714286,8.75952957142857,12.56619625,15.526937,21.4484185,35.528889
506,6.239113642857142,8.789990285714286,12.61630525,15.592328,21.5443735,35.712273
507,6.249427214285714,8.80465542857143,12.63749775,15.618597333333334,21.5807965,35.773195
508,6.25533,8.813251,12.6501325,15.634373666666667,21.602856,35.810894
509,6.262136357142857,8.823855714285715,12.66643475,15.655107333333333,21.6324525,35.864071
510,6.267276571428571,8.831736142857142,12.6784255,15.670295,21.654034,35.902434
511,6.273673714285715,8.840703428571429,12.691248,15.686116,21.675852,35.938416
512,6.2798615,8.849621,12.70426025,15.702313,21.6984185,35.976633
513,6.28646,8.85894,12.71766,15.718886666666666,21.72134,36.01472
514,6.2924789285714295,8.868001857142858,12.73128625,15.736063,21.7456165,36.057321
515,6.299611714285715,8.879868428571429,12.7502535,15.760553,21.781152,36.123594
516,6.304709,8.887686,12.7621515,15.775624666666666,21.802571,36.161678
517,6.310543,8.896432,12.7752655,15.792136,21.825877,36.202446
518,6.3173135,8.9058,12.78852975,15.808430666666666,21.8482325,36.238811
519,6.325670928571429,8.918785857142858,12.80845825,15.833759,21.8843605,36.303609
520,6.337792785714285,8.93896457142857,12.84072225,15.875422666666665,21.9448235,36.416405
521,6.344416214285714,8.948421428571429,12.85442925,15.892435333333333,21.9684475,36.456073
522,6.3524879285714295,8.960455857142858,12.87240775,15.915037,22.0002955,36.511551
523,6.3608715,8.973633,12.89277525,15.940997,22.0374405,36.578661
524,6.365718,8.981045,12.9040355,15.955250333333334,22.05768,36.614578
525,6.372000142857143,8.989876285714285,12.9166905,15.970879333333334,22.079257,36.650266
526,6.380710071428571,9.002377142857142,12.93487775,15.993489333333335,22.1107125,36.703339
527,6.386925642857142,9.011240285714285,12.94771225,16.009412666666666,22.1328135,36.740405
528,6.6085452857142855,9.28824757142857,13.307801,16.434120333333333,22.686759,37.515832
529,6.615365285714286,9.298120571428571,13.3222535,16.452134666666666,22.711897,37.558574
530,6.622747071428571,9.307991142857142,13.33585725,16.468642,22.7342115,37.593417
531,6.629049142857142,9.317136285714286,13.349267,16.485368666666666,22.757572,37.63322
532,6.635256071428571,9.326051142857143,13.36224375,16.501504666666666,22.7800265,37.671131
533,6.642195071428571,9.335987142857142,13.37667525,16.519432666666667,22.8049475,37.713089
534,6.651317214285714,9.348882428571429,13.39523025,16.542389666666665,22.8367085,37.765913
535,6.658734357142857,9.360697714285715,13.41364275,16.565933333333334,22.8705145,37.827487
536,6.664849928571429,9.369857857142858,13.42736975,16.583212333333336,22.8948975,37.870111
537,6.671915142857142,9.380252285714285,13.442758,16.602484666666665,22.921938,37.91672
538,6.678990214285714,9.390208428571428,13.45703575,16.620123666666665,22.9462995,37.957055
539,6.686104142857142,9.400992285714285,13.4733245,16.640694,22.975433,38.008434
540,6.692105928571429,9.409797857142857,13.48633575,16.656976333333333,22.9982575,38.047687
541,6.697067714285715,9.417283428571428,13.497607,16.671192,23.018362,38.08302
542,6.704862928571429,9.428185857142859,13.51317025,16.690380333333334,23.0448005,38.126521
543,6.709874071428571,9.435663142857141,13.52434675,16.704434,23.0646085,38.161047
544,6.715087285714286,9.443534571428572,13.5362055,16.719394,23.085771,38.198262
545,6.726787357142857,9.459683714285715,13.55902825,16.747407333333335,23.1241655,38.260549
546,6.7314998571428575,9.467052714285714,13.570382,16.761860333333335,23.144817,38.29774
547,6.738826428571429,9.477443857142859,13.58537,16.780423666666664,23.170531,38.340644
548,6.747323857142857,9.489231714285715,13.6020935,16.800986,23.198771,38.38671
549,6.763075142857143,9.511540285714286,13.634238,16.840780666666664,23.253866,38.478512
550,6.769156142857143,9.520049285714286,13.646389,16.855764333333337,23.274515,38.512504
551,6.776867571428571,9.530768142857141,13.661619,16.874503,23.300271,38.554608
552,6.790582928571429,9.550411857142858,13.69015525,16.909955666666665,23.3495565,38.637605
553,6.795860142857142,9.558305285714285,13.701973,16.924825666666663,23.370531,38.674232
554,6.802313071428571,9.568246142857141,13.71714575,16.944067666666665,23.3979115,38.723063
555,6.8076455,9.576354,13.72941675,16.959576666666663,23.4198965,38.761919
556,6.8144275714285705,9.586033142857142,13.7434415,16.976981333333335,23.444061,38.802478
557,7.198939642857143,10.076429285714285,14.39266375,17.749735,24.4638775,40.284855
558,7.206305642857143,10.087567285714286,14.40945975,17.770931666666666,24.4938755,40.337663
559,7.213455642857142,10.097663285714285,14.42397475,17.788883666666663,24.5187015,40.378907
560,7.223765642857143,10.111685285714286,14.44356475,17.812804333333336,24.5512835,40.430875
561,7.230254357142857,10.121053714285715,14.45725275,17.829852,24.5750505,40.471191
562,7.239382642857143,10.135294285714286,14.47916175,17.857725333333335,24.6148525,40.542763
563,7.246024071428571,10.144975142857142,14.49340175,17.875511333333336,24.6397305,40.585315
564,7.252452714285715,10.15463342857143,14.5079045,17.893782,24.665537,40.63053
565,7.257757857142857,10.162742714285715,14.52022,17.909369,24.687667,40.669788
566,7.265517714285714,10.173978428571429,14.5366695,17.929873666666666,24.716282,40.71845
567,7.273605857142857,10.185449714285715,14.5532155,17.950366666666664,24.744669,40.765814
568,7.279461428571429,10.193816857142858,14.56535,17.965431333333335,24.765594,40.800976
569,7.284493428571429,10.201422857142859,14.576817,17.979901333333334,24.78607,40.837012
570,7.289417785714286,10.20882857142857,14.58794475,17.993924,24.8058825,40.871751
571,7.299030714285714,10.224243428571429,14.6120625,18.024810666666664,24.850307,40.952978
572,7.3043405,10.232136,14.62382925,18.039590666666665,24.8711135,40.989137
573,7.3099985714285705,10.240762142857141,14.6369075,18.056131666666666,24.89458,41.03069
574,7.316746428571429,10.250417857142859,14.650925,18.073541666666664,24.918775,41.0714
575,7.322566285714285,10.25906957142857,14.6638245,18.089745,24.941586,41.111046
576,7.3283413571428575,10.267837714285715,14.67708225,18.106494666666663,24.9653195,41.152949
577,7.333727071428571,10.276202142857143,14.68991475,18.122802333333336,24.9885775,41.194651
578,7.340910428571429,10.286890857142858,14.7058615,18.142838666666663,25.016793,41.243726
579,7.348646,10.297671,14.7212085,18.161737666666664,25.042796,41.28635
580,7.353502071428571,10.305367142857142,14.73316475,18.177007333333336,25.0646925,41.326111
581,7.359170214285714,10.313941428571429,14.74609825,18.193331333333337,25.0877975,41.366797
582,7.364975,10.322671,14.759215,18.209860333333335,25.111151,41.407744
583,7.371903214285714,10.33319742857143,14.77513875,18.229982,25.1396685,41.458119
584,7.3761509285714295,10.339674857142858,14.78496075,18.242405333333338,25.1572945,41.489335
585,7.386721285714286,10.354356571428571,14.8058095,18.268050666666664,25.192533,41.546894
586,7.391806571428571,10.361918142857142,14.8170855,18.282215666666666,25.212476,41.581562
587,7.396997428571429,10.370250857142858,14.830131,18.298926666666663,25.236518,41.625548
588,7.402280785714286,10.37820257142857,14.84208525,18.313994,25.2578115,41.662905
589,7.408728,10.38776,14.856308,18.331845333333337,25.28292,41.706448
590,7.420876357142857,10.405215714285715,14.88172475,18.363454,25.3269125,41.780751
591,7.426699214285715,10.413708428571429,14.89422225,18.379066333333334,25.3487545,41.818129
592,7.433625714285714,10.42349142857143,14.90829,18.396466666666665,25.37282,41.85812
593,7.439296785714285,10.432697571428571,14.92279875,18.415099666666663,25.3997015,41.907611
594,7.447431428571429,10.445368857142858,14.942275,18.439868666666666,25.435056,41.971124
595,7.452799928571429,10.453267857142858,14.95396975,18.454515666666666,25.4556075,42.006551
596,7.459726714285715,10.46366542857143,14.9695735,18.474168666666664,25.483359,42.055142
597,7.465915571428571,10.473080142857143,14.983827,18.492185666666664,25.508903,42.100304
598,7.472813428571429,10.483029857142858,14.9983545,18.510273666666663,25.534112,42.14303
599,7.4807152142857145,10.49544942857143,15.01755075,18.534740666666664,25.5691205,42.206279
600,7.4868650714285705,10.504186142857142,15.03016775,18.550375666666664,25.5907915,42.242495
601,7.497009428571429,10.518420857142859,15.050538,18.575518,25.625478,42.29976
602,7.502927357142857,10.527854714285715,15.06524575,18.594327666666665,25.6524915,42.348983
603,7.508442571428571,10.536339142857141,15.078184,18.61073,25.675822,42.390552
604,7.515225428571429,10.546634857142859,15.093749,18.630393333333338,25.703682,42.439732
605,7.521430857142858,10.556171714285714,15.108283,18.648814,25.729876,42.486372
606,7.529032142857143,10.568103285714285,15.12671,18.672293,25.763459,42.546996
607,7.535465428571429,10.578403857142858,15.1428115,18.692906333333337,25.793096,42.601138
608,7.543474428571429,10.591535857142858,15.163628,18.719699666666664,25.831843,42.67286
609,7.549090928571429,10.600197857142858,15.17685825,18.736483,25.8557325,42.715497
610,7.554204571428571,10.608064142857142,15.1888535,18.751689666666664,25.877362,42.754034
611,7.5633635,10.621762,15.20935975,18.777491333333337,25.9137545,42.817579
612,7.575687071428571,10.640238142857141,15.23706475,18.812374333333334,25.9629935,42.903715
613,7.580827785714286,10.648516571428571,15.25004975,18.82902,25.9869605,42.947643
614,7.586088857142857,10.656807714285714,15.262886,18.845391333333335,26.010402,42.990064
615,7.601168642857143,10.679593285714285,15.29723025,18.888725666666666,26.0717165,43.097945
616,7.606259714285715,10.687788428571428,15.3100815,18.905198333333335,26.095432,43.141402
617,7.611275857142857,10.696214714285714,15.323623,18.922718333333336,26.120909,43.189144
618,7.617459428571429,10.705699857142859,15.3380605,18.941007666666664,26.146902,43.235366
619,7.625875,10.718828,15.3582575,18.966702666666663,26.183593,43.301342
620,7.631711357142858,10.727414714285715,15.37096975,18.982623666666665,26.2059315,43.339847
621,7.969104428571429,11.099297857142858,15.794588,19.446480333333337,26.750265,43.822708
622,7.975547714285715,11.10862742857143,15.808247,19.463506666666664,26.774026,43.863116
623,7.981459357142858,11.117266714285714,15.82097775,19.479419666666665,26.7963035,43.901303
624,7.988483642857143,11.127304285714285,15.83553525,19.497492666666663,26.8214075,43.943489
625,7.993854357142857,11.135500714285715,15.84797025,19.513224333333337,26.8437325,43.983049
626,7.999369857142857,11.143955714285715,15.8608345,19.529518,26.866885,44.024202
627,8.0079595,11.156228,15.87863075,19.551610666666665,26.8975705,44.075759
628,8.014639214285715,11.166084428571429,15.89325225,19.569938333333337,26.9233105,44.120233
629,8.020703357142857,11.175272714285715,15.90712675,19.587457666666666,26.9481195,44.163971
630,8.02708407142857,11.184665142857142,15.92103675,19.604881333333335,26.9725705,44.206135
631,8.033452857142857,11.193957714285714,15.934715,19.621970666666662,26.996482,44.247068
632,8.039752714285715,11.203524428571429,15.949182,19.640249,27.022383,44.292804
633,8.045277,11.212058,15.9622295,19.656807333333337,27.045963,44.334934
634,8.069933642857142,11.248585285714286,16.01656275,19.724989666666666,27.1418435,44.501123
635,8.087736428571429,11.276827857142859,16.060465,19.781071666666666,27.222285,44.64728
636,8.096737785714286,11.28947457142857,16.07857975,19.803439333333337,27.2531585,44.698315
637,8.105438785714286,11.30304657142857,16.09945825,19.830000666666663,27.2910855,44.766509
638,8.220978357142858,11.446043714285715,16.28364175,20.046218,27.5713705,45.150915
639,8.22916942857143,11.457913857142858,16.3010305,20.067899,27.601636,45.202422
640,8.235640285714286,11.46816857142857,16.316961,20.088244,27.63081,45.255396
641,8.243321642857143,11.480640285714285,16.33661825,20.11349,27.6672335,45.322461
642,8.250254857142858,11.490425714285715,16.350682,20.130881333333335,27.69128,45.362392
643,8.25515,11.498212,16.362805,20.146377333333337,27.713522,45.402868
644,8.264920642857144,11.512572285714285,16.38404975,20.172976666666663,27.7508305,45.467123
645,8.273073285714286,11.52535657142857,16.4037815,20.198112,27.786773,45.531966
646,8.29310192857143,11.559153857142858,16.45823175,20.268625666666665,27.8894135,45.724727
647,8.3034125,11.576014,16.48491625,20.302951333333336,27.9390215,45.816421
648,8.308767571428572,11.584085142857141,16.4970615,20.318265333333336,27.960673,45.854446
649,8.3148155,11.593091,16.51050425,20.335159,27.9844685,45.895857
650,8.3221645,11.60505,16.52937825,20.359411333333338,28.0194775,45.960397
651,8.335906,11.623352,16.554521,20.389874666666664,28.060582,46.024244
652,8.34283992857143,11.633525857142859,16.56955475,20.408688333333338,28.0869555,46.069603
653,8.354852714285714,11.65072642857143,16.594537,20.439723,28.130095,46.142232
654,8.361229357142857,11.660183714285715,16.60861525,20.457395333333334,28.1549555,46.185361
655,8.581093142857142,11.935373285714286,16.9667935,20.880120333333334,28.706774,46.959922
656,8.58621307142857,11.943354142857142,16.97906575,20.895730333333336,28.7290595,46.999975
657,8.7350875,12.134865,17.23453125,21.200938333333337,29.1337525,47.596885
658,8.769690785714285,12.20087557142857,17.34765275,21.350701666666666,29.3567995,48.036587
659,8.779781428571429,12.216764857142858,17.37224,21.382054,29.401682,48.117768
660,8.793782642857142,12.240863285714285,17.41148425,21.433078333333334,29.4762665,48.259129
661,8.80805257142857,12.260152142857141,17.4383015,21.465751,29.52065,48.329394
662,8.817599,12.276854,17.4657365,21.501534,29.573129,48.42957
663,8.825959857142859,12.288871714285715,17.4832395,21.523303333333335,29.603431,48.480766
664,8.831395142857142,12.296867285714285,17.4950755,21.538126333333334,29.624228,48.51661
665,8.8378745,12.307586,17.51215325,21.56015,29.6561435,48.575961
666,8.844504357142858,12.316887714285714,17.52546275,21.576576666666664,29.6788045,48.613367
667,8.851231214285715,12.326409428571429,17.53917675,21.593551333333338,29.7023005,48.652495
668,8.8577315,12.335824,17.55296275,21.610737333333336,29.7262865,48.693295
669,8.863224571428571,12.344167142857142,17.565581,21.626680666666665,29.74888,48.733196
670,8.870941357142858,12.357201714285715,17.58659225,21.653896,29.7885035,48.807645
671,8.8757025,12.364751,17.59832375,21.668880333333338,29.8099935,48.846679
672,8.882694785714286,12.37554157142857,17.61481175,21.689799666666666,29.8397755,48.899855
673,8.8888575,12.384963,17.62912125,21.707911,29.8654905,48.945477
674,8.8956445,12.394599,17.64303075,21.725144333333336,29.8893715,48.985363
675,8.90273907142857,12.405133142857142,17.65872425,21.744850666666665,29.9171035,49.033517
676,8.90827457142857,12.413764142857142,17.6719985,21.761736333333335,29.941212,49.076854
677,8.9146235,12.424131,17.68839225,21.782817666666663,29.9716685,49.133105
678,8.92178207142857,12.434604142857141,17.70383725,21.802129666666666,29.9987145,49.179509
679,8.93956742857143,12.459992857142858,17.740631,21.847794,30.06212,49.285956
680,8.945307642857141,12.468545285714285,17.75340175,21.863845666666663,30.0847335,49.325327
681,8.952126214285714,12.47822942857143,17.76738425,21.881171333333334,30.1087455,49.365445
682,9.192599142857143,12.778378285714286,18.157047,22.340456,30.707274,50.200908
683,9.2016655,12.790731,18.17432925,22.361572333333335,30.7360585,50.246917
684,9.20899992857143,12.801986857142857,18.19146725,22.383285333333337,30.7669215,50.301817
685,9.214351142857142,12.810020285714286,18.203524,22.398471333333333,30.788366,50.339368
686,9.222783571428572,12.822222142857141,18.22138,22.420725,30.819415,50.39214
687,9.2333615,12.83715,18.24283275,22.447252666666667,30.8560925,50.453039
688,9.238859357142859,12.845519714285714,18.25551025,22.46328066666667,30.8788215,50.493245
689,9.26018392857143,12.876865857142858,18.30188875,22.521351,30.9602755,50.633547
690,9.267302928571429,12.886974857142858,18.31648275,22.53943333333333,30.9853345,50.675407
691,9.27229592857143,12.894816857142859,18.32859825,22.554872666666668,31.0074215,50.715293
692,9.281391357142859,12.907524714285714,18.34672475,22.57721366666667,31.0381915,50.765867
693,9.290588,12.921646,18.368233,22.604467333333332,31.076936,50.834812
694,9.297277,12.931288,18.3823045,22.621984,31.101343,50.876154
695,9.303577214285715,12.940754428571429,18.39652025,22.63989366666667,31.1266405,50.920481
696,9.309255857142858,12.949322714285714,18.409423,22.65616766666667,31.149657,50.960936
697,9.315073,12.957744,18.4217505,22.671533333333333,31.171099,50.997394
698,9.320485142857141,12.965987285714286,18.4342405,22.68732633333333,31.193498,51.03703
699,9.325998357142858,12.974486714285714,18.44721925,22.703789,31.2169285,51.078837
700,9.33709057142857,12.990093142857141,18.469597,22.73143333333333,31.255106,51.142036
701,9.337827785714286,12.990908571428571,18.47052975,22.732457333333333,31.2563125,51.143131
702,9.344470071428571,13.000234142857142,18.48388025,22.74893833333333,31.2790545,51.180697
703,9.35186007142857,13.010743142857141,18.49906775,22.767764666666668,31.3051585,51.224363
704,9.400007214285715,13.07470242857143,18.58674525,22.873889666666667,31.4481785,51.445733
705,9.406168,13.083655,18.5998855,22.890287,31.47109,51.484818
706,9.411019214285714,13.091199428571429,18.61146975,22.905013333333333,31.4921005,51.522523
707,9.416566428571429,13.099642857142857,18.6242575,22.92118,31.515025,51.56307
708,9.423193071428571,13.109606142857142,18.63922575,22.940041,31.5416715,51.609783
709,9.429786142857141,13.119664285714286,18.6544815,22.959339333333332,31.569055,51.658294
710,9.436935071428572,13.130100142857142,18.66984775,22.97854033333333,31.5959255,51.704311
711,9.442383285714286,13.138729571428572,18.683249,22.995653,31.620461,51.748848
712,9.448442714285715,13.14767842857143,18.696532,23.012307,31.643857,51.7893
713,9.494081,13.234552,18.8452585,23.20914133333333,31.936907,52.366594
714,9.505901785714286,13.251987571428572,18.87111625,23.241549666666668,31.9824165,52.445201
715,9.512094571428571,13.261401142857142,18.885361,23.259552,32.007934,52.490292
716,9.520009428571429,13.275046857142858,18.907603,23.28848,32.050234,52.570524
717,9.526406214285714,13.28460542857143,18.92190425,23.30647,32.0756015,52.614789
718,9.527036142857142,13.285306285714286,18.9227115,23.30736,32.076657,52.615782
719,9.536054214285715,13.297956428571428,18.94080975,23.32969566666667,32.1074675,52.666631
720,9.544501714285715,13.310364428571429,18.9591585,23.352665,32.139678,52.722078
721,9.5522325,13.322836,18.97874125,23.377778666666668,32.1758535,52.788449
722,9.55769657142857,13.331240142857142,18.9915555,23.394023,32.198958,52.82961
723,9.563581928571429,13.340051857142859,19.00475675,23.41063833333333,32.2224015,52.870579
724,9.569020285714286,13.34841957142857,19.0175185,23.42681766666667,32.245416,52.91159
725,9.575988785714285,13.35835757142857,19.03191075,23.44467433333333,32.2702015,52.953163
726,9.581217785714285,13.366178571428572,19.04361975,23.45940733333333,32.2909825,52.989451
727,9.587510071428571,13.375296142857142,19.05697525,23.476059,32.3142265,53.029005
728,9.593239214285715,13.38380842857143,19.06966225,23.491993,32.3366545,53.067969
729,9.598294142857142,13.391768285714285,19.0819795,23.50769933333333,32.359139,53.108638
730,9.604742285714286,13.40148857142857,19.096608,23.526145333333332,32.38522,53.154448
731,9.611049071428571,13.410692142857142,19.11015675,23.54307366666667,32.4089075,53.195003
732,9.618608357142858,13.421583714285715,19.12604675,23.56285133333333,32.4364605,53.241655
733,9.625428071428571,13.431344142857142,19.14021825,23.580453666666667,32.4609245,53.282825
734,9.63139307142857,13.440495142857142,19.15414825,23.598100666666667,32.4860055,53.327429
735,9.638166071428572,13.450104142857143,19.16801125,23.615272333333333,32.5097945,53.367133
736,9.645674714285715,13.461077428571429,19.1841815,23.635484666666667,32.538091,53.415638
737,9.653219785714285,13.473403571428571,19.20367925,23.660560333333333,32.5743225,53.482573
738,9.6613435,13.485492,19.22171475,23.683221333333332,32.6062345,53.538079
739,9.667447785714286,13.494865571428571,19.23599225,23.701313,32.6319545,53.583849
740,9.67364207142857,13.504155142857142,19.24992475,23.718856666666667,32.6567205,53.627183
741,9.681648928571429,13.515651857142858,19.26665625,23.739659666666668,32.6856665,53.676041
742,9.69038642857143,13.529074857142858,19.2871075,23.765577333333333,32.722517,53.741638
743,9.695518642857142,13.537414285714286,19.30025775,23.78246933333333,32.7468925,53.786539
744,9.703982,13.551207,19.3220445,23.810473666666667,32.787332,53.86115
745,9.709946785714285,13.560616571428572,19.33662125,23.829069333333333,32.8139655,53.909377
746,9.714508357142858,13.567734714285715,19.34757425,23.843005,32.8338665,53.945169
747,10.057323142857141,13.950197285714285,19.7895085,24.331195,33.414568,54.500238
748,10.066069785714285,13.963202571428571,19.80890175,24.35555666666667,33.4488665,54.559859
749,10.074807142857141,13.976739285714286,19.8296375,24.381891666666668,33.4864,54.62705
750,10.080726214285715,13.98594842857143,19.84378175,24.399874333333333,33.5120595,54.673111
751,10.0899225,14.000368,19.86603625,24.428222666666667,33.5525955,54.746237
752,10.096758571428571,14.011762142857142,19.8842675,24.45177166666667,33.58678,54.81005
753,10.1033595,14.021308,19.89823075,24.469170666666667,33.6110505,54.851279
754,10.110535285714285,14.031972571428572,19.9141285,24.48913866666667,33.639159,54.900122
755,10.117759142857143,14.042846285714285,19.930477,24.50974533333333,33.668282,54.95122
756,10.123512642857142,14.052296285714286,19.94547175,24.52905266666667,33.6962145,55.002971
757,10.133605928571429,14.068112857142859,19.96987325,24.56013133333333,33.7406475,55.083097
758,10.472641857142857,14.445933714285715,20.4058715,25.041378666666667,34.312393,55.626086
759,10.481117142857142,14.458974285714286,20.42576,25.066593333333334,34.34826,55.69
760,10.4900655,14.47196,20.44480175,25.09034533333333,34.3814325,55.746523
761,10.496335214285715,14.48141942857143,20.45904575,25.108310666666668,34.4068405,55.791179
762,10.504327,14.492598,20.4750045,25.127987333333333,34.433953,55.835794
763,10.511666142857141,14.503671285714285,20.491679,25.14901833333333,34.463697,55.888072
764,10.51816442857143,14.513013857142859,20.505288,25.16594566666667,34.487261,55.927892
765,10.527650928571429,14.527952857142859,20.52840575,25.195424666666668,34.5294625,56.004227
766,10.53340092857143,14.537019857142859,20.54244825,25.213337,34.5551145,56.050665
767,10.539555428571429,14.547096857142858,20.558409,25.233874,34.584804,56.10558
768,10.546396571428572,14.557260142857142,20.5735555,25.252896333333332,34.611578,56.15209
769,10.555768142857142,14.572162285714285,20.5967535,25.28254666666667,34.654133,56.229518
770,10.56185942857143,14.581459857142859,20.6108605,25.300394333333333,34.679462,56.274406
771,10.567345571428572,14.590006142857142,20.623997,25.317101,34.703309,56.317248
772,10.573419785714286,14.59955157142857,20.63874925,25.335903,34.7302105,56.365845
773,10.580697285714285,14.610328571428571,20.6547755,25.356012,34.758485,56.414838
774,10.586347785714285,14.61909257142857,20.66820975,25.373078666666668,34.7828165,56.458427
775,10.59371642857143,14.630015857142858,20.684465,25.393481,34.811513,56.508192
776,10.601920214285714,14.64382642857143,20.70668575,25.422243,34.8533575,56.586687
777,10.607897571428571,14.652662142857142,20.719809,25.438701,34.876485,56.626704
778,10.613444214285714,14.661328428571428,20.73315475,25.455686333333333,34.9007495,56.670379
779,10.619931928571429,14.670928857142858,20.74742425,25.47358733333333,34.9259135,56.713957
780,10.626879714285714,14.68157242857143,20.7636115,25.494086333333332,34.955036,56.765698
781,10.634701142857141,14.693232285714286,20.781029,25.515982,34.985888,56.819436
782,10.642381357142858,14.704612714285714,20.79795975,25.53722966666667,35.0157695,56.871239
783,10.647907214285715,14.713073428571429,20.81082275,25.553516666666667,35.0389045,56.912327
784,10.66161092857143,14.732355857142858,20.83847325,25.58767566666667,35.0860805,56.990429
785,10.66775607142857,14.741474142857141,20.85205125,25.60472233333333,35.1100645,57.032053
786,10.673363785714285,14.749901571428572,20.86470825,25.620669,35.1325905,57.071529
787,10.679753,14.759342,20.8787255,25.638246,35.157287,57.114246
788,10.689653214285714,14.773829428571428,20.90009375,25.664966,35.1947105,57.178467
789,10.694726928571429,14.781577857142858,20.91185425,25.679847,35.2158325,57.215913
790,10.701547857142858,14.791277714285714,20.9258725,25.697224,35.239927,57.256218
791,10.709611571428571,14.803520142857142,20.944383,25.720609666666668,35.273063,57.31472
792,10.718645642857142,14.815833285714286,20.96161475,25.741667,35.3017715,57.360627
793,10.725030142857142,14.825677285714285,20.976648,25.76073633333333,35.328913,57.40906
794,10.732871142857142,14.838122285714286,20.995999,25.785458666666667,35.364378,57.473516
795,10.741364785714286,14.850466571428571,21.01411925,25.80807133333333,35.3959755,57.527425
796,10.748656214285715,14.860591428571428,21.02849425,25.825752,35.4202675,57.567093
797,10.756532785714285,14.87285657142857,21.04734225,25.84972,35.4544755,57.628533
798,10.763812714285715,14.88290342857143,21.0615395,25.867145333333333,35.478357,57.66727
799,11.019029214285714,15.20773442857143,21.49079225,26.377615,36.1512605,58.641873
800,11.026484071428571,15.218517142857142,21.50656675,26.397272,36.1786825,58.688463
801,11.03359442857143,15.230386857142856,21.5255755,26.421833333333332,36.214349,58.755094
802,11.261496857142859,15.512212714285715,21.8882865,26.847455,36.765792,59.510022
803,11.267852571428572,15.521419142857143,21.901769,26.864263333333334,36.789252,59.549932
804,11.273160571428571,15.529466142857144,21.9139245,26.879614333333333,36.810994,59.588278
805,11.279361357142859,15.538870714285714,21.92813475,26.897562333333333,36.8364175,59.633131
806,11.290650142857142,15.555220285714286,21.9520755,26.92740733333333,36.878071,59.703982
807,11.297973357142858,15.566814714285714,21.97007675,26.95039166666667,36.9110215,59.763779
808,11.303560928571429,15.575090857142856,21.98238575,26.965837333333333,36.9327405,59.801419
809,11.30977757142857,15.584010142857144,21.995359,26.98196366666667,36.955173,59.839256
810,11.440482857142857,15.745320714285715,22.2025775,27.224888333333332,37.26951,60.26773
811,11.447947785714286,15.75744857142857,22.22169975,27.249450666666668,37.3049525,60.333011
812,11.453440857142859,15.765472714285714,22.2335205,27.26422433333333,37.325632,60.368446
813,11.459458571428572,15.774407142857143,22.24683,27.28093666666667,37.34915,60.40928
814,11.467562285714285,15.78771157142857,22.2679355,27.308109666666667,37.388458,60.48209
815,11.473866142857142,15.796886285714285,22.2814165,27.32494,37.411987,60.522282
816,11.480061642857141,15.805749285714285,22.29428075,27.340916333333332,37.4341875,60.559627
817,11.48593942857143,15.814274857142856,22.306778,27.356502666666668,37.455952,60.596696
818,11.4941785,15.82754,22.32758225,27.38317066666667,37.4943475,60.667061
819,11.499515357142858,15.835585714285715,22.33969125,27.39844,37.5159375,60.704985
820,11.5067055,15.846763,22.35684925,27.420249666666667,37.5470505,60.760805
821,11.512891642857142,15.855856285714285,22.37030325,27.437095333333332,37.5706795,60.801505
822,11.518495214285714,15.864037428571429,22.38235075,27.45215,37.5917485,60.837591
823,11.534411285714285,15.88751857142857,22.4171795,27.49580466666667,37.653055,60.943502
824,11.540523142857142,15.897087285714285,22.4319335,27.514591666666668,37.679908,60.991898
825,11.547576071428571,15.907100142857143,22.44638625,27.532497666666668,37.7047205,61.033337
826,11.556165714285715,15.91949442857143,22.4644875,27.555037666666667,37.736138,61.086602
827,11.562559642857142,15.928793285714285,22.47814375,27.572083,37.7599615,61.127271
828,11.802498714285715,16.230527428571428,22.8725705,28.038604,38.370671,61.992402
829,11.808758285714285,16.24048757142857,22.8880815,28.058432333333332,38.399134,62.04421
830,11.815917285714285,16.25083557142857,22.903213,28.07728433333333,38.425427,62.088856
831,11.821936857142859,16.260198714285714,22.9175915,28.095563666666667,38.451508,62.135666
832,11.834068142857141,16.277408285714287,22.9424185,28.12631533333333,38.494109,62.206762
833,11.839214214285715,16.285545428571428,22.95504225,28.142428666666667,38.5172015,62.248637
834,11.848354285714285,16.30045157142857,22.9785975,28.172711,38.560938,62.329362
835,11.929565357142858,16.396982714285716,23.09810875,28.31009566666667,38.7340695,62.543843
836,11.93746792857143,16.409604857142856,23.11781025,28.335303333333332,38.7702895,62.609917
837,11.947276642857142,16.423160285714285,23.13698575,28.35885,38.8025785,62.662371
838,11.958463785714285,16.43863957142857,23.15890325,28.385775,38.8395185,62.722461
839,11.965330428571429,16.448134857142858,23.1723415,28.40228,38.862157,62.759262
840,11.972291071428572,16.458920142857142,23.18886375,28.423264333333332,38.8920655,62.812807
841,11.979691928571429,16.469628857142855,23.20453425,28.442794,38.9193135,62.859117
842,11.989877785714285,16.485080571428572,23.22788475,28.472288,38.9610945,62.932839
843,11.997299428571429,16.496126857142855,23.244368,28.493,38.990264,62.983584
844,12.004418357142859,16.506730714285716,23.26019925,28.512897,39.0182925,63.032373
845,12.025172357142859,16.533574714285713,23.29617825,28.555981,39.0755865,63.117633
846,12.033173642857141,16.545129285714285,23.31306275,28.577011,39.1049075,63.167379
847,12.039501214285714,16.554087428571428,23.32596675,28.592984,39.1270185,63.204207
848,12.04651807142857,16.563768142857143,23.33964325,28.60976833333333,39.1500185,63.241501
849,12.055791714285714,16.578020428571428,23.3613635,28.637297,39.189164,63.311202
850,12.0644755,16.590555,23.37967425,28.660100333333332,39.2209525,63.365113
851,12.07047607142857,16.599693142857145,23.39351875,28.677605333333332,39.2457785,63.409039
852,12.076345071428571,16.608940142857143,23.40783275,28.695860333333332,39.2719155,63.456331
853,12.082482214285715,16.61851842857143,23.42257275,28.714615,39.2986995,63.504507
854,12.090296,16.629678,23.438751,28.734696666666668,39.326588,63.551348
855,12.096191285714285,16.638479571428572,23.451912,28.751248333333333,39.349921,63.592036
856,12.104312,16.651334,23.471867,28.776726,39.386444,63.658308
857,12.114466142857141,16.665459285714284,23.491949,28.801441,39.420425,63.713904
858,12.121022214285714,16.67554342857143,23.50732525,28.820933333333333,39.4481495,63.763297
859,12.141996285714285,16.70351457142857,23.545792,28.867563333333333,39.511106,63.861256
860,12.151760571428571,16.717198142857143,23.5653545,28.89169833333333,39.544386,63.916126
861,12.159756142857141,16.730417285714285,23.586409,28.918847,39.583723,63.989256
862,12.166938214285715,16.74094842857143,23.60196375,28.938309,39.6109995,64.036143
863,12.173539857142858,16.750789714285716,23.6166645,28.956789333333333,39.637039,64.081498
864,12.180611928571428,16.760984857142855,23.63154425,28.975312666666667,39.6628495,64.125221
865,12.185767285714286,16.768860571428572,23.6435005,28.990442666666667,39.684327,64.163306
866,12.192461,16.778622,23.6578635,29.008384666666668,39.709427,64.206254
867,12.19907557142857,16.788462142857142,23.672542,29.026826333333332,39.735395,64.251412
868,12.205413214285715,16.79766142857143,23.68603375,29.043656666666667,39.7589025,64.291475
869,12.230913214285714,16.83185742857143,23.73327375,29.101042,39.8365785,64.413219
870,12.237938214285714,16.84184042857143,23.74769375,29.118913,39.8613515,64.454631
871,12.24625292857143,16.85521185714286,23.76865025,29.145769,39.9000065,64.525425
872,12.252905357142858,16.864899714285716,23.78289125,29.16355133333333,39.9248715,64.567921
873,12.259547571428572,16.874415142857142,23.7967165,29.180728666666667,39.948753,64.608146
874,12.265590785714286,16.883962571428572,23.81152025,29.199620666666668,39.9758215,64.657205
875,12.27250007142857,16.894181142857143,23.82670275,29.218664,40.0025865,64.703535
876,12.281020714285715,16.90624042857143,23.84407,29.240159666666667,40.032339,64.753076
877,12.288212571428572,16.91697214285714,23.8601115,29.260331,40.06077,64.802634
878,12.2951645,16.927496,23.87599325,29.28038,40.0891535,64.852641
879,12.304275,16.940031,23.893665,29.302047,40.118811,64.900584
880,12.31362442857143,16.95404585714286,23.914678,29.328503,40.156153,64.9659
881,12.321186714285714,16.965061428571428,23.9308735,29.348727333333333,40.184435,65.014246
882,12.329133142857142,16.975925285714283,23.9461135,29.367371,40.209886,65.05509
883,12.335620857142858,16.986467714285716,23.962738,29.388726,40.240702,65.111856
884,12.34362257142857,16.998784142857144,23.9815265,29.412548333333334,40.274592,65.172262
885,12.356566285714285,17.01976757142857,24.0145695,29.454971,40.335774,65.284818
886,12.36323107142857,17.029573142857142,24.02908625,29.473152,40.3612835,65.328789
887,12.369113928571428,17.038186857142858,24.04179625,29.489048,40.3835515,65.367021
888,12.3750545,17.047229,24.05549075,29.506361,40.4081015,65.410443
889,12.382125,17.059055,24.07445,29.53086833333333,40.443705,65.47702
890,12.389507,17.069772,24.0901695,29.550478666666667,40.471097,65.52371
891,12.395741214285714,17.07911042857143,24.10416425,29.568095,40.4959565,65.567169
892,12.401712142857141,17.088306285714285,24.1181975,29.585890666666668,40.521277,65.612318
893,12.407083071428572,17.097219142857142,24.13242325,29.604248666666667,40.5478995,65.661905
894,12.414677571428571,17.108026142857142,24.148049,29.623622333333334,40.574769,65.70688
895,12.4210045,17.117251,24.16162075,29.640575,40.5984835,65.747451
896,12.429942214285715,17.131977428571428,24.18503025,29.670738,40.6421535,65.828493
897,12.436877857142859,17.142132714285715,24.200015,29.689479,40.668407,65.873568
898,12.444097428571428,17.152744857142856,24.215716,29.709138,40.695982,65.921064
899,12.452434714285715,17.165791428571428,24.2358265,29.73474266666667,40.732575,65.986994
900,12.461352357142859,17.180481714285715,24.25917575,29.764826666666668,40.7761285,66.067811
901,12.469457642857142,17.192698285714282,24.27755925,29.788006666666668,40.8089015,66.125369
902,12.476753285714285,17.20392157142857,24.294674,29.809703666666667,40.839763,66.180356
903,12.481978142857141,17.211737285714282,24.306376,29.824428333333334,40.860533,66.216628
904,12.48803592857143,17.220750857142857,24.31982325,29.841324,40.8843255,66.258009
905,12.495070857142858,17.230610714285717,24.3339205,29.858717,40.90831,66.297558
906,12.500729357142859,17.238831714285716,24.34598525,29.87377133333333,40.9293435,66.333433
907,12.505336428571429,17.246152857142857,24.3573775,29.88833,40.950235,66.37143
908,12.514216571428571,17.25976114285714,24.378078,29.914546666666666,40.987484,66.437624
909,12.52191207142857,17.27160514285714,24.39614475,29.93745333333333,41.0200705,66.495703
910,12.529814642857142,17.283257285714285,24.41342125,29.959104333333332,41.0504705,66.548197
911,12.539767571428571,17.29751314285714,24.4341315,29.984834666666668,41.086241,66.608438
912,12.54605807142857,17.306545142857143,24.44727575,30.00117733333333,41.1089805,66.646819
913,12.55486807142857,17.320612142857144,24.46922825,30.029263,41.1493325,66.720417
914,12.560341714285714,17.329050428571428,24.4821135,30.045607,41.172594,66.761922
915,12.5654965,17.336805,24.49376775,30.06029433333333,41.1933475,66.798319
916,12.57388557142857,17.349998142857142,24.514167,30.086298333333332,41.230561,66.865576
917,12.9165385,17.734821,24.96224475,30.58357433333333,41.8262335,67.455955
918,13.14888407142857,18.023076142857143,25.33436425,31.020921666666666,42.3940365,68.238689
919,13.157000785714285,18.03489157142857,25.35172775,31.042600333333333,42.4243455,68.290471
920,13.178848785714285,18.071597571428573,25.41072075,31.118927666666668,42.5353415,68.498483
921,13.183929785714286,18.07956857142857,25.42302675,31.134605333333333,42.5577625,68.538943
922,13.192694857142858,18.093498714285715,25.4447045,31.162309,42.597518,68.611254
923,13.19954,18.103531,25.4595175,31.180840333333332,42.623486,68.655874
924,13.68084757142857,18.692766142857142,26.210644,32.05788233333333,43.752359,70.16686
925,13.68552757142857,18.699987142857143,26.2216765,32.071879333333335,43.772285,70.202434
926,13.6933175,18.711167,26.23794125,32.092099,43.8004145,70.249893
927,13.704146,18.726678,26.260476,32.12009666666667,43.839338,70.315448
928,13.729780071428571,18.76013214285714,26.30566025,32.174404333333335,43.9118925,70.424929
929,13.735369214285715,18.76888942857143,26.31916975,32.19161,43.9364905,70.469283
930,13.7426955,18.780432,26.33703675,32.214396,43.9691145,70.528311
931,13.749524,18.792219,26.3562615,32.23940566666667,44.005694,70.59773
932,13.758927857142858,18.805395714285716,26.3750975,32.26264333333333,44.037735,70.65055
933,13.764519214285714,18.81390742857143,26.38798975,32.278942666666666,44.0608485,70.691435
934,13.770749357142858,18.823539714285715,26.40272525,32.29764733333333,44.0874915,70.739065
935,13.777142071428571,18.833056142857142,26.41692725,32.31549366666667,44.1126265,70.782797
936,13.784705571428571,18.84488214285714,26.435147,32.338686333333335,44.145765,70.842472
937,13.79204557142857,18.85586114285714,26.4515845,32.35936933333333,44.174939,70.893418
938,13.80014692857143,18.86855585714286,26.47116925,32.384313,44.2106005,70.957725
939,13.80589842857143,18.87745885714286,26.4847995,32.40162,44.235261,71.001846
940,13.814744571428571,18.89111814285714,26.5056785,32.42811433333333,44.272986,71.06923
941,13.823418285714286,18.90524757142857,26.5279915,32.45679233333333,44.314394,71.14561
942,13.831948285714285,18.91944057142857,26.550679,32.486086666666665,44.356902,71.224892
943,13.840713928571429,18.93480685714286,26.57594625,32.51905466666667,44.4052715,71.317301
944,14.07389857142857,19.22649014285714,26.9553775,32.966734333333335,44.989448,72.136282
945,14.080188642857141,19.235964285714285,26.96962775,32.98469933333333,45.0148425,72.180859
946,14.0857075,19.244206,26.98195375,33.000202,45.0366985,72.218979
947,14.092677857142858,19.255054714285716,26.99862,33.021393,45.066939,72.273276
948,14.098405357142859,19.263446714285717,27.01100875,33.03689033333333,45.0886535,72.310579
949,14.1146485,19.286412,27.04405725,33.077781333333334,45.1452295,72.404689
950,14.12472107142857,19.30162214285714,27.06697375,33.10669166666667,45.1861275,72.476615
951,14.133042785714286,19.31322157142857,27.08348975,33.12703166666667,45.2141155,72.522503
952,14.141071714285715,19.32477342857143,27.100326,33.147978,45.243282,72.571824
953,14.148325642857142,19.336250285714282,27.11813725,33.170716,45.2758735,72.630945
954,14.152996642857142,19.343737285714283,27.12984825,33.185712333333335,45.2974405,72.670369
955,14.160352785714286,19.354170571428572,27.14489725,33.204351333333335,45.3232595,72.713449
956,14.167913857142858,19.365467714285717,27.1617985,33.22561133333333,45.353237,72.765754
957,14.172824857142858,19.373148714285715,27.1736345,33.240679,45.374768,72.804534
958,14.182005214285715,19.38738042857143,27.19544325,33.268381,45.4142565,72.875253
959,14.188756,19.397193,27.2098485,33.28635833333333,45.439378,72.918118
960,14.195463142857141,19.406750285714285,27.223681,33.303516,45.463186,72.95802
961,14.525204,19.771264,27.640354,33.76075733333333,46.001564,73.44484
962,14.5311135,19.779839,27.65292725,33.776440333333326,46.0234665,73.482157
963,14.536511571428571,19.78807714285714,27.6654255,33.792252,46.045905,73.521918
964,14.542654714285714,19.798211428571427,27.6815465,33.813029333333326,46.075995,73.577794
965,14.5541785,19.815174,27.70666725,33.84449533333333,46.1201515,73.653937
966,14.566224714285715,19.83125842857143,27.728809,33.87134833333333,46.156427,73.710472
967,14.574968785714285,19.84336257142857,27.74595325,33.89241266666667,46.1853315,73.757513
968,14.58045307142857,19.85228414285714,27.76003075,33.91050033333333,46.2114395,73.805635
969,14.588172,19.863355,27.7761295,33.93050966666667,46.23927,73.852562
970,14.632995642857141,19.919812285714283,27.85003725,34.01799,46.3538955,74.015433
971,14.637985142857142,19.927897285714284,27.8627655,34.03432966666667,46.377458,74.05877
972,14.64457257142857,19.93769914285714,27.877389,34.052703333333326,46.403332,74.103772
973,14.650836785714285,19.94720657142857,27.89176125,34.07085933333333,46.4290555,74.149177
974,14.658244071428571,19.957926142857144,27.90744925,34.09041166666667,46.4563365,74.195549
975,14.666072,19.969196,27.923882,34.11086,46.484816,74.243736
976,14.67432407142857,19.980902142857143,27.94076925,34.131777,46.5137925,74.292093
977,14.67958442857143,19.989333857142856,27.953958,34.14866566666667,46.538081,74.336492
978,14.68515407142857,19.99807714285714,27.96746175,34.165872,46.5626925,74.380923
979,14.692603,20.009331,27.984423,34.187272333333325,46.592971,74.434192
980,14.7014395,20.022575,28.00427825,34.21226966666667,46.6282525,74.495897
981,14.708861928571428,20.03380285714286,28.02121425,34.23364533333333,46.6585075,74.549173
982,14.714535857142858,20.042541714285715,28.0345505,34.250557333333326,46.682571,74.592082
983,14.720646285714285,20.05153357142857,28.0478645,34.267233,46.70597,74.632422
984,14.725351142857141,20.058646285714282,28.058589,34.28076666666667,46.725122,74.666132
985,14.73462292857143,20.07166785714286,28.07723525,34.30378766666667,46.7568925,74.718629
986,14.740471142857142,20.080660285714284,28.090944,34.32116466666667,46.781606,74.762648
987,14.761949142857143,20.109150285714282,28.129952,34.36835333333333,46.845156,74.860816
988,14.767997285714285,20.11828457142857,28.1437155,34.385717333333325,46.869721,74.904022
989,14.776563714285714,20.131254428571427,28.1632905,34.41042966666667,46.904708,74.96567
990,14.784622357142858,20.142577714285718,28.17951075,34.430458666666674,46.9323545,75.011375
991,14.793103857142858,20.154739714285718,28.1971935,34.45243533333333,46.962919,75.062902
992,14.800915285714286,20.16585657142857,28.2132685,34.47236666666667,46.990563,75.109178
993,14.80617957142857,20.17419914285714,28.2262285,34.488918,47.014297,75.152274
994,14.817210928571429,20.189916857142858,28.24897575,34.51713266666667,47.0534465,75.217883
995,14.823683357142858,20.200375714285716,28.26541425,34.538222,47.0838375,75.273693
996,14.829472142857142,20.209229285714283,28.278865,34.55524833333333,47.108015,75.3166
997,14.854482928571429,20.24137185714286,28.32170525,34.606409,47.1758165,75.416445
998,14.862542857142857,20.252842714285716,28.3382925,34.626975666666674,47.204342,75.464198
999,14.87000307142857,20.263572142857143,28.35392575,34.646423,47.2314175,75.509967
1000,14.87729792857143,20.27423585714286,28.36964275,34.66607033333333,47.2589255,75.557131
