Block Index,Ledger Size (mb) K=0,Ledger Size (mb) K=100,Ledger Size (mb) K=200, Ledger Size (mb) K=300,Ledger Size (mb) K=400,Ledger Size (mb) K=500,Blockchain Size (mb),Number of Accounts,Number Transactions,Average Number of Transactions
0,0.049568,NaN,NaN,NaN,NaN,NaN,0.000002,79,0,NaN
1,0.100387,NaN,NaN,NaN,NaN,NaN,0.046004,164,50,50
2,0.051403,NaN,NaN,NaN,NaN,NaN,0.138683,238,100,50
3,0.056507,NaN,NaN,NaN,NaN,NaN,0.178897,327,150,50
4,0.062783,NaN,NaN,NaN,NaN,NaN,0.220119,413,200,50
5,0.069633,NaN,NaN,NaN,NaN,NaN,0.263539,499,250,50
6,0.069126,NaN,NaN,NaN,NaN,NaN,0.309792,584,300,50
7,0.075714,NaN,NaN,NaN,NaN,NaN,0.351474,660,350,50
8,0.074218,NaN,NaN,NaN,NaN,NaN,0.395877,734,400,50
9,0.085668,NaN,NaN,NaN,NaN,NaN,0.435177,828,450,50
10,0.084643,NaN,NaN,NaN,NaN,NaN,0.481644,914,500,50
11,0.094779,NaN,NaN,NaN,NaN,NaN,0.522915,988,550,50
12,0.090646,NaN,NaN,NaN,NaN,NaN,0.570807,1063,600,50
13,0.088165,NaN,NaN,NaN,NaN,NaN,0.611038,1156,650,50
14,0.131144,NaN,NaN,NaN,NaN,NaN,0.64413,1248,700,50
15,0.106359,NaN,NaN,NaN,NaN,NaN,0.715948,1333,750,50
16,0.109848,NaN,NaN,NaN,NaN,NaN,0.758989,1411,800,50
17,0.116933,NaN,NaN,NaN,NaN,NaN,0.801832,1499,850,50
18,0.117937,NaN,NaN,NaN,NaN,NaN,0.847639,1593,900,50
19,0.145293,NaN,NaN,NaN,NaN,NaN,0.890138,1674,950,50
20,0.168463,NaN,NaN,NaN,NaN,NaN,0.956236,1755,1000,50
21,0.124507,NaN,NaN,NaN,NaN,NaN,1.041652,1836,1050,50
22,0.147427,NaN,NaN,NaN,NaN,NaN,1.079316,1923,1100,50
23,0.268513,NaN,NaN,NaN,NaN,NaN,1.135692,2011,1150,50
24,0.13764,NaN,NaN,NaN,NaN,NaN,1.309067,2087,1200,50
25,0.141019,NaN,NaN,NaN,NaN,NaN,1.348001,2171,1250,50
26,0.345175,NaN,NaN,NaN,NaN,NaN,1.386429,2260,1300,50
27,0.170695,NaN,NaN,NaN,NaN,NaN,1.624932,2343,1350,50
28,0.216507,NaN,NaN,NaN,NaN,NaN,1.685001,2421,1400,50
29,0.156887,NaN,NaN,NaN,NaN,NaN,1.786983,2507,1450,50
30,0.163571,NaN,NaN,NaN,NaN,NaN,1.825262,2591,1500,50
31,0.177217,NaN,NaN,NaN,NaN,NaN,1.866291,2675,1550,50
32,0.178818,NaN,NaN,NaN,NaN,NaN,1.916847,2748,1600,50
33,0.176056,NaN,NaN,NaN,NaN,NaN,1.965587,2822,1650,50
34,0.181975,NaN,NaN,NaN,NaN,NaN,2.008029,2896,1700,50
35,0.186803,NaN,NaN,NaN,NaN,NaN,2.052831,2974,1750,50
36,0.196164,NaN,NaN,NaN,NaN,NaN,2.098853,3052,1800,50
37,0.219386,NaN,NaN,NaN,NaN,NaN,2.150381,3129,1850,50
38,0.197725,NaN,NaN,NaN,NaN,NaN,2.221313,3214,1900,50
39,0.276442,NaN,NaN,NaN,NaN,NaN,2.266548,3300,1950,50
40,0.200785,NaN,NaN,NaN,NaN,NaN,2.386553,3385,2000,50
41,0.22315,NaN,NaN,NaN,NaN,NaN,2.426891,3472,2050,50
42,0.29051,NaN,NaN,NaN,NaN,NaN,2.485466,3551,2100,50
43,0.264351,NaN,NaN,NaN,NaN,NaN,2.60747,3630,2150,50
44,0.241226,NaN,NaN,NaN,NaN,NaN,2.699496,3710,2200,50
45,0.213122,NaN,NaN,NaN,NaN,NaN,2.764584,3797,2250,50
46,0.258989,NaN,NaN,NaN,NaN,NaN,2.797503,3871,2300,50
47,0.223375,NaN,NaN,NaN,NaN,NaN,2.872794,3955,2350,50
48,0.22041,NaN,NaN,NaN,NaN,NaN,2.908393,4034,2400,50
49,0.283492,NaN,NaN,NaN,NaN,NaN,2.937353,4107,2450,50
50,0.271996,NaN,NaN,NaN,NaN,NaN,3.026003,4176,2500,50
51,0.259608,NaN,NaN,NaN,NaN,NaN,3.099995,4247,2550,50
52,0.262113,NaN,NaN,NaN,NaN,NaN,3.158217,4332,2600,50
53,0.25479,NaN,NaN,NaN,NaN,NaN,3.214907,4416,2650,50
54,0.26639,NaN,NaN,NaN,NaN,NaN,3.260349,4488,2700,50
55,0.333415,NaN,NaN,NaN,NaN,NaN,3.313924,4568,2750,50
56,0.256128,NaN,NaN,NaN,NaN,NaN,3.430815,4638,2800,50
57,0.260853,NaN,NaN,NaN,NaN,NaN,3.46718,4704,2850,50
58,0.271935,NaN,NaN,NaN,NaN,NaN,3.505138,4790,2900,50
59,0.280481,NaN,NaN,NaN,NaN,NaN,3.550166,4868,2950,50
60,0.274505,NaN,NaN,NaN,NaN,NaN,3.600107,4948,3000,50
61,0.27457,NaN,NaN,NaN,NaN,NaN,3.640316,5038,3050,50
62,0.279908,NaN,NaN,NaN,NaN,NaN,3.676374,5114,3100,50
63,0.281665,NaN,NaN,NaN,NaN,NaN,3.714217,5191,3150,50
64,0.299267,NaN,NaN,NaN,NaN,NaN,3.750167,5267,3200,50
65,0.285587,NaN,NaN,NaN,NaN,NaN,3.800098,5348,3250,50
66,0.2895,NaN,NaN,NaN,NaN,NaN,3.832517,5432,3300,50
67,0.299151,NaN,NaN,NaN,NaN,NaN,3.864938,5495,3350,50
68,0.305578,NaN,NaN,NaN,NaN,NaN,3.904029,5566,3400,50
69,0.305869,NaN,NaN,NaN,NaN,NaN,3.946204,5636,3450,50
70,1.012416,NaN,NaN,NaN,NaN,NaN,3.985413,5718,3500,50
71,0.407162,NaN,NaN,NaN,NaN,NaN,4.727393,5802,3550,50
72,0.326933,NaN,NaN,NaN,NaN,NaN,4.860165,5876,3600,50
73,1.489044,NaN,NaN,NaN,NaN,NaN,4.90921,5951,3650,50
74,0.328062,NaN,NaN,NaN,NaN,NaN,6.11679,6035,3700,50
75,0.346246,NaN,NaN,NaN,NaN,NaN,6.159381,6100,3750,50
76,0.329815,NaN,NaN,NaN,NaN,NaN,6.217107,6184,3800,50
77,0.384025,NaN,NaN,NaN,NaN,NaN,6.254493,6265,3850,50
78,0.362796,NaN,NaN,NaN,NaN,NaN,6.34224,6331,3900,50
79,0.365003,NaN,NaN,NaN,NaN,NaN,6.405667,6405,3950,50
80,1.049058,NaN,NaN,NaN,NaN,NaN,6.467811,6497,4000,50
81,0.351282,NaN,NaN,NaN,NaN,NaN,7.209861,6570,4050,50
82,0.432521,NaN,NaN,NaN,NaN,NaN,7.250718,6643,4100,50
83,0.39534,NaN,NaN,NaN,NaN,NaN,7.369457,6727,4150,50
84,0.318711,NaN,NaN,NaN,NaN,NaN,7.447069,6728,4200,50
85,0.404498,NaN,NaN,NaN,NaN,NaN,7.448005,6802,4201,49.423529411764704
86,0.36576,NaN,NaN,NaN,NaN,NaN,7.53126,6873,4251,49.43023255813954
87,0.384372,NaN,NaN,NaN,NaN,NaN,7.572475,6954,4301,49.4367816091954
88,0.390162,NaN,NaN,NaN,NaN,NaN,7.628517,7029,4351,49.44318181818182
89,0.421549,NaN,NaN,NaN,NaN,NaN,7.686846,7115,4401,49.449438202247194
90,0.380979,NaN,NaN,NaN,NaN,NaN,7.772555,7185,4451,49.455555555555556
91,0.376562,NaN,NaN,NaN,NaN,NaN,7.814425,7263,4501,49.46153846153846
92,0.384238,NaN,NaN,NaN,NaN,NaN,7.84828,7329,4551,49.46739130434783
93,0.386101,NaN,NaN,NaN,NaN,NaN,7.88679,7407,4601,49.473118279569896
94,0.386677,NaN,NaN,NaN,NaN,NaN,7.923455,7483,4651,49.47872340425532
95,0.383091,NaN,NaN,NaN,NaN,NaN,7.957143,7565,4701,49.48421052631579
96,0.387787,NaN,NaN,NaN,NaN,NaN,7.983539,7657,4751,49.489583333333336
97,0.399776,NaN,NaN,NaN,NaN,NaN,8.01049,7745,4801,49.49484536082474
98,0.403502,NaN,NaN,NaN,NaN,NaN,8.045282,7828,4851,49.5
99,0.408969,NaN,NaN,NaN,NaN,NaN,8.079756,7902,4901,49.505050505050505
100,0.413834,8.529924,NaN,NaN,NaN,NaN,8.116091,7977,4951,49.51
101,0.414734,8.522416,NaN,NaN,NaN,NaN,8.153686,8067,5001,49.51485148514851
102,1.112282,9.161325,NaN,NaN,NaN,NaN,8.187726,8154,5051,49.51960784313726
103,0.42958,9.165954,NaN,NaN,NaN,NaN,8.915271,8236,5101,49.52427184466019
104,0.465025,9.201009,NaN,NaN,NaN,NaN,8.956103,8320,5151,49.52884615384615
105,0.452736,9.217417,NaN,NaN,NaN,NaN,9.02822,8392,5201,49.53333333333333
106,0.43709,9.211877,NaN,NaN,NaN,NaN,9.084579,8477,5251,49.5377358490566
107,0.442664,9.21235,NaN,NaN,NaN,NaN,9.12116,8552,5301,49.54205607476636
108,0.456772,9.220669,NaN,NaN,NaN,NaN,9.159774,8626,5351,49.5462962962963
109,0.452863,9.226687,NaN,NaN,NaN,NaN,9.209001,8707,5401,49.55045871559633
110,0.464439,9.233249,NaN,NaN,NaN,NaN,9.250454,8784,5451,49.554545454545455
111,0.518752,9.295693,NaN,NaN,NaN,NaN,9.299856,8864,5501,49.55855855855856
112,0.464312,9.293313,NaN,NaN,NaN,NaN,9.399808,8933,5551,49.5625
113,0.469124,9.300176,NaN,NaN,NaN,NaN,9.44209,9006,5601,49.56637168141593
114,0.555951,9.397564,NaN,NaN,NaN,NaN,9.485743,9076,5651,49.57017543859649
115,0.483293,9.38037,NaN,NaN,NaN,NaN,9.613025,9164,5701,49.573913043478264
116,0.493647,9.398167,NaN,NaN,NaN,NaN,9.663509,9230,5751,49.577586206896555
117,0.48019,9.399558,NaN,NaN,NaN,NaN,9.7212,9317,5801,49.58119658119658
118,0.481757,9.395551,NaN,NaN,NaN,NaN,9.761433,9382,5851,49.58474576271186
119,0.488825,9.398839,NaN,NaN,NaN,NaN,9.800152,9461,5901,49.588235294117645
120,0.497818,9.383605,NaN,NaN,NaN,NaN,9.842023,9523,5951,49.59166666666667
121,0.497631,9.345979,NaN,NaN,NaN,NaN,9.89,9593,6001,49.59504132231405
122,0.505099,9.360347,NaN,NaN,NaN,NaN,9.934564,9661,6051,49.59836065573771
123,0.513683,9.361392,NaN,NaN,NaN,NaN,9.983401,9722,6101,49.60162601626016
124,0.509866,9.238782,NaN,NaN,NaN,NaN,10.037983,9811,6151,49.604838709677416
125,0.517137,9.253721,NaN,NaN,NaN,NaN,10.084585,9875,6201,49.608
126,0.504713,9.253724,NaN,NaN,NaN,NaN,10.13544,9959,6251,49.611111111111114
127,0.525968,9.070928,NaN,NaN,NaN,NaN,10.169892,10043,6301,49.61417322834646
128,0.516892,9.053374,NaN,NaN,NaN,NaN,10.221483,10127,6351,49.6171875
129,0.518097,8.990974,NaN,NaN,NaN,NaN,10.25986,10212,6401,49.62015503875969
130,0.527864,8.99782,NaN,NaN,NaN,NaN,10.295218,10290,6451,49.62307692307692
131,0.534184,9.004543,NaN,NaN,NaN,NaN,10.33665,10366,6501,49.62595419847328
132,0.54491,9.008903,NaN,NaN,NaN,NaN,10.38084,10436,6551,49.628787878787875
133,0.54138,9.008277,NaN,NaN,NaN,NaN,10.432484,10505,6601,49.63157894736842
134,0.560085,9.029345,NaN,NaN,NaN,NaN,10.477289,10578,6651,49.634328358208954
135,0.557008,9.041478,NaN,NaN,NaN,NaN,10.537301,10640,6701,49.63703703703704
136,0.546176,9.038671,NaN,NaN,NaN,NaN,10.591348,10711,6751,49.63970588235294
137,0.544434,9.02531,NaN,NaN,NaN,NaN,10.631257,10794,6801,49.64233576642336
138,0.57191,9.01594,NaN,NaN,NaN,NaN,10.665343,10869,6851,49.64492753623188
139,0.560271,9.016997,NaN,NaN,NaN,NaN,10.723274,10953,6901,49.64748201438849
140,0.565356,8.944393,NaN,NaN,NaN,NaN,10.76559,11033,6951,49.65
141,0.591313,8.973687,NaN,NaN,NaN,NaN,10.809265,11102,7001,49.652482269503544
142,0.595691,8.985859,NaN,NaN,NaN,NaN,10.875634,11178,7051,49.65492957746479
143,0.573806,8.909139,NaN,NaN,NaN,NaN,10.942803,11260,7101,49.65734265734266
144,0.593532,8.878308,NaN,NaN,NaN,NaN,10.984272,11355,7151,49.65972222222222
145,0.588052,8.864446,NaN,NaN,NaN,NaN,11.040978,11437,7201,49.66206896551724
146,0.581564,8.872455,NaN,NaN,NaN,NaN,11.088394,11516,7251,49.66438356164384
147,0.582407,8.835297,NaN,NaN,NaN,NaN,11.125684,11597,7301,49.666666666666664
148,0.589149,8.840842,NaN,NaN,NaN,NaN,11.160086,11685,7351,49.66891891891892
149,0.589059,8.848673,NaN,NaN,NaN,NaN,11.196967,11766,7401,49.671140939597315
150,0.611275,8.815189,NaN,NaN,NaN,NaN,11.229917,11840,7451,49.67333333333333
151,0.597114,8.778662,NaN,NaN,NaN,NaN,11.281543,11917,7501,49.675496688741724
152,0.614768,8.771992,NaN,NaN,NaN,NaN,11.315441,11995,7551,49.67763157894737
153,0.62279,8.771195,NaN,NaN,NaN,NaN,11.363312,12066,7601,49.6797385620915
154,0.614844,8.77046,NaN,NaN,NaN,NaN,11.415965,12143,7651,49.68181818181818
155,0.612441,8.755475,NaN,NaN,NaN,NaN,11.456958,12231,7701,49.68387096774194
156,0.659252,8.719628,NaN,NaN,NaN,NaN,11.491191,12314,7751,49.68589743589744
157,0.629365,8.730546,NaN,NaN,NaN,NaN,11.568361,12387,7801,49.68789808917197
158,0.631003,8.73807,NaN,NaN,NaN,NaN,11.612205,12465,7851,49.68987341772152
159,0.643516,8.747395,NaN,NaN,NaN,NaN,11.654045,12546,7901,49.691823899371066
160,0.634832,8.739368,NaN,NaN,NaN,NaN,11.704643,12615,7951,49.69375
161,0.634561,8.737583,NaN,NaN,NaN,NaN,11.743338,12697,8001,49.69565217391305
162,0.646826,8.748428,NaN,NaN,NaN,NaN,11.777976,12782,8051,49.69753086419753
163,0.646832,8.753572,NaN,NaN,NaN,NaN,11.820957,12870,8101,49.69938650306749
164,0.663922,8.773568,NaN,NaN,NaN,NaN,11.859813,12935,8151,49.701219512195124
165,0.654091,8.766729,NaN,NaN,NaN,NaN,11.912736,13017,8201,49.7030303030303
166,0.670168,8.789735,NaN,NaN,NaN,NaN,11.952084,13092,8251,49.704819277108435
167,0.669228,8.80827,NaN,NaN,NaN,NaN,12.00398,13162,8301,49.706586826347305
168,0.664135,8.811793,NaN,NaN,NaN,NaN,12.051687,13232,8351,49.708333333333336
169,0.710084,8.854871,NaN,NaN,NaN,NaN,12.090991,13313,8401,49.710059171597635
170,0.677266,8.864321,NaN,NaN,NaN,NaN,12.172468,13385,8451,49.71176470588235
171,0.678821,8.169165,NaN,NaN,NaN,NaN,12.217737,13464,8501,49.71345029239766
172,0.680498,8.081233,NaN,NaN,NaN,NaN,12.2609,13546,8551,49.71511627906977
173,0.704267,8.096935,NaN,NaN,NaN,NaN,12.301878,13624,8601,49.716763005780344
174,0.722355,6.96846,NaN,NaN,NaN,NaN,12.362895,13704,8651,49.7183908045977
175,0.692659,6.971532,NaN,NaN,NaN,NaN,12.438254,13784,8701,49.72
176,0.803857,7.066945,NaN,NaN,NaN,NaN,12.480195,13863,8751,49.72159090909091
177,0.729872,7.105009,NaN,NaN,NaN,NaN,12.62963,13940,8801,49.72316384180791
178,0.699848,7.059109,NaN,NaN,NaN,NaN,12.701501,14031,8851,49.7247191011236
179,0.704303,7.0378,NaN,NaN,NaN,NaN,12.739164,14114,8901,49.726256983240226
180,0.709063,7.018634,NaN,NaN,NaN,NaN,12.777382,14183,8951,49.727777777777774
181,0.784044,6.391332,NaN,NaN,NaN,NaN,12.817149,14269,9001,49.729281767955804
182,0.73188,6.409065,NaN,NaN,NaN,NaN,12.927903,14351,9051,49.73076923076923
183,0.722782,6.335953,NaN,NaN,NaN,NaN,12.982628,14437,9101,49.73224043715847
184,0.719661,6.29682,NaN,NaN,NaN,NaN,13.024228,14525,9151,49.733695652173914
185,0.739593,6.350211,NaN,NaN,NaN,NaN,13.058623,14592,9201,49.73513513513514
186,0.74334,6.321872,NaN,NaN,NaN,NaN,13.109792,14671,9251,49.736559139784944
187,0.734663,6.323164,NaN,NaN,NaN,NaN,13.160976,14750,9301,49.7379679144385
188,0.740199,6.311375,NaN,NaN,NaN,NaN,13.199693,14837,9351,49.73936170212766
189,0.744869,6.297911,NaN,NaN,NaN,NaN,13.239888,14909,9401,49.74074074074074
190,0.749512,6.258307,NaN,NaN,NaN,NaN,13.28135,14986,9451,49.742105263157896
191,0.767843,6.277259,NaN,NaN,NaN,NaN,13.323841,15044,9501,49.7434554973822
192,0.752931,6.286555,NaN,NaN,NaN,NaN,13.381904,15097,9551,49.744791666666664
193,0.782332,6.318097,NaN,NaN,NaN,NaN,13.422555,15188,9601,49.74611398963731
194,0.761277,6.326277,NaN,NaN,NaN,NaN,13.488455,15269,9651,49.74742268041237
195,0.75577,6.328177,NaN,NaN,NaN,NaN,13.52955,15339,9701,49.748717948717946
196,0.724374,6.302716,NaN,NaN,NaN,NaN,13.561881,15339,9751,49.75
197,0.765978,6.318304,NaN,NaN,NaN,NaN,13.562816,15414,9752,49.50253807106599
198,0.791421,6.347991,NaN,NaN,NaN,NaN,13.601852,15497,9802,49.505050505050505
199,0.777219,6.359928,NaN,NaN,NaN,NaN,13.662465,15575,9852,49.50753768844221
200,0.772536,6.361647,14.477737,NaN,NaN,NaN,13.705202,15654,9902,49.51
201,0.779497,6.365271,14.472953,NaN,NaN,NaN,13.73946,15725,9952,49.51243781094527
202,0.791401,6.381044,14.430087,NaN,NaN,NaN,13.777369,15809,10002,49.51485148514851
203,0.782172,5.6901,14.426474,NaN,NaN,NaN,13.823199,15890,10052,49.51724137931034
204,1.496241,6.396144,15.132128,NaN,NaN,NaN,13.856006,15966,10102,49.51960784313726
205,0.799816,6.370974,15.135655,NaN,NaN,NaN,14.599378,16049,10152,49.5219512195122
206,0.800727,6.358577,15.133364,NaN,NaN,NaN,14.642429,16129,10202,49.52427184466019
207,0.803582,6.36502,15.134706,NaN,NaN,NaN,14.682598,16196,10252,49.52657004830918
208,0.804767,6.367464,15.131361,NaN,NaN,NaN,14.722471,16281,10302,49.52884615384615
209,0.816748,6.367204,15.141028,NaN,NaN,NaN,14.759457,16354,10352,49.5311004784689
210,0.824498,6.379115,15.147925,NaN,NaN,NaN,14.805071,16439,10402,49.53333333333333
211,0.81695,6.371522,15.148463,NaN,NaN,NaN,14.854428,16513,10452,49.535545023696685
212,0.821037,6.313962,15.142963,NaN,NaN,NaN,14.892733,16586,10502,49.5377358490566
213,0.840293,6.329911,15.160963,NaN,NaN,NaN,14.931708,16658,10552,49.539906103286384
214,0.8357,6.336512,15.178125,NaN,NaN,NaN,14.986555,16740,10602,49.54205607476636
215,0.836144,6.256096,15.153173,NaN,NaN,NaN,15.032977,16821,10652,49.544186046511626
216,0.835381,6.247924,15.152444,NaN,NaN,NaN,15.076052,16902,10702,49.5462962962963
217,0.842151,6.235393,15.154761,NaN,NaN,NaN,15.114442,16965,10752,49.54838709677419
218,0.856405,6.251637,15.165431,NaN,NaN,NaN,15.156665,17051,10802,49.55045871559633
219,0.883452,6.292422,15.202436,NaN,NaN,NaN,15.209122,17111,10852,49.55251141552512
220,1.863125,7.3069,16.192687,NaN,NaN,NaN,15.285798,17189,10902,49.554545454545455
221,0.857306,7.305955,16.154303,NaN,NaN,NaN,16.338649,17267,10952,49.55656108597285
222,0.913759,7.36122,16.216468,NaN,NaN,NaN,16.382025,17339,11002,49.55855855855856
223,0.858468,7.353591,16.2013,NaN,NaN,NaN,16.478524,17413,11052,49.56053811659193
224,0.862201,7.340498,16.069414,NaN,NaN,NaN,16.51628,17492,11102,49.5625
225,0.873162,7.34265,16.079234,NaN,NaN,NaN,16.554073,17549,11152,49.56444444444445
226,0.875661,7.340335,16.089346,NaN,NaN,NaN,16.600114,17622,11202,49.56637168141593
227,0.888449,7.363832,15.908792,NaN,NaN,NaN,16.645275,17693,11252,49.56828193832599
228,0.893655,7.372039,15.908521,NaN,NaN,NaN,16.699867,17774,11302,49.57017543859649
229,0.865803,7.361927,15.834804,NaN,NaN,NaN,16.755984,17850,11352,49.572052401746724
230,0.875283,7.36088,15.830836,NaN,NaN,NaN,16.780815,17926,11402,49.573913043478264
231,0.881346,7.356092,15.826451,NaN,NaN,NaN,16.811396,18005,11452,49.57575757575758
232,1.258655,7.721959,16.185952,NaN,NaN,NaN,16.844144,18094,11502,49.577586206896555
233,0.892058,7.709716,16.176613,NaN,NaN,NaN,17.250142,18180,11552,49.5793991416309
234,0.893213,7.701315,16.170575,NaN,NaN,NaN,17.285391,18263,11602,49.58119658119658
235,0.899254,7.679675,16.164145,NaN,NaN,NaN,17.317722,18343,11652,49.58297872340425
236,0.897542,7.65852,16.151015,NaN,NaN,NaN,17.352326,18418,11702,49.58474576271186
237,0.909111,7.659571,16.140447,NaN,NaN,NaN,17.381717,18495,11752,49.586497890295355
238,0.911619,7.665191,16.109221,NaN,NaN,NaN,17.418915,18575,11802,49.588235294117645
239,0.968028,7.699401,16.156127,NaN,NaN,NaN,17.454647,18644,11852,49.58995815899581
240,0.992595,7.770526,16.149563,NaN,NaN,NaN,17.543521,18716,11902,49.59166666666667
241,0.927665,7.771963,16.154337,NaN,NaN,NaN,17.653563,18795,11952,49.593360995850624
242,0.934523,7.753811,16.143979,NaN,NaN,NaN,17.694922,18878,12002,49.59504132231405
243,0.941751,7.737962,16.073295,NaN,NaN,NaN,17.739014,18955,12052,49.59670781893004
244,0.96825,7.770699,16.055475,NaN,NaN,NaN,17.786721,19032,12102,49.59836065573771
245,0.947524,7.763894,16.040288,NaN,NaN,NaN,17.857348,19110,12152,49.6
246,0.9446,7.759802,16.050693,NaN,NaN,NaN,17.903596,19173,12202,49.60162601626016
247,0.957557,7.775689,16.028579,NaN,NaN,NaN,17.943816,19250,12252,49.60323886639676
248,0.956776,7.790052,16.041745,NaN,NaN,NaN,17.993362,19309,12302,49.604838709677416
249,0.95573,7.797999,16.057613,NaN,NaN,NaN,18.039236,19381,12352,49.606425702811244
250,0.960729,7.811523,16.015437,NaN,NaN,NaN,18.080711,19452,12402,49.608
251,0.970881,7.813153,15.994701,NaN,NaN,NaN,18.123815,19518,12452,49.60956175298805
252,0.973388,7.831961,15.989185,NaN,NaN,NaN,18.174014,19607,12502,49.611111111111114
253,1.168623,8.027835,16.17624,NaN,NaN,NaN,18.222524,19688,12552,49.612648221343875
254,0.968721,8.015342,16.170958,NaN,NaN,NaN,18.462586,19766,12602,49.61417322834646
255,1.012243,8.054386,16.19742,NaN,NaN,NaN,18.499101,19838,12652,49.615686274509805
256,0.984862,8.069397,16.129773,NaN,NaN,NaN,18.575726,19916,12702,49.6171875
257,0.982593,8.035632,16.136813,NaN,NaN,NaN,18.6214,19997,12752,49.61867704280156
258,1.00676,8.055519,16.162586,NaN,NaN,NaN,18.660964,20048,12802,49.62015503875969
259,0.996034,8.064342,16.168221,NaN,NaN,NaN,18.722353,20128,12852,49.62162162162162
260,0.991351,8.056024,16.16056,NaN,NaN,NaN,18.769316,20209,12902,49.62307692307692
261,1.005455,8.069853,16.172875,NaN,NaN,NaN,18.807736,20284,12952,49.62452107279694
262,1.008712,8.087303,16.188905,NaN,NaN,NaN,18.856567,20346,13002,49.62595419847328
263,1.006991,8.09181,16.19855,NaN,NaN,NaN,18.905776,20420,13052,49.627376425855516
264,1.007269,8.097268,16.206914,NaN,NaN,NaN,18.949812,20501,13102,49.628787878787875
265,1.011049,8.08869,16.201328,NaN,NaN,NaN,18.990377,20574,13152,49.630188679245286
266,1.027698,8.106873,16.22644,NaN,NaN,NaN,19.031259,20636,13202,49.63157894736842
267,1.012993,8.094869,16.233911,NaN,NaN,NaN,19.085856,20715,13252,49.63295880149813
268,1.029186,8.099604,16.247262,NaN,NaN,NaN,19.122105,20783,13302,49.634328358208954
269,1.133736,8.214083,16.35887,NaN,NaN,NaN,19.171338,20862,13352,49.63568773234201
270,1.023104,8.172075,16.35913,NaN,NaN,NaN,19.321439,20929,13402,49.63703703703704
271,1.030673,8.170641,15.660985,NaN,NaN,NaN,19.357705,21005,13452,49.638376383763834
272,1.037483,8.174519,15.575254,NaN,NaN,NaN,19.397936,21074,13502,49.63970588235294
273,1.033277,8.172896,15.565564,NaN,NaN,NaN,19.441497,21159,13552,49.64102564102564
274,1.049274,8.163095,14.4092,NaN,NaN,NaN,19.476716,21238,13602,49.64233576642336
275,1.047998,8.133873,14.412746,NaN,NaN,NaN,19.524129,21308,13652,49.64363636363636
276,1.04509,8.131886,14.394974,NaN,NaN,NaN,19.566991,21376,13702,49.64492753623188
277,1.048269,8.022053,14.39719,NaN,NaN,NaN,19.603414,21465,13752,49.64620938628159
278,1.052315,7.989652,14.348913,NaN,NaN,NaN,19.638838,21538,13802,49.64748201438849
279,1.066805,8.002611,14.336108,NaN,NaN,NaN,19.67497,21629,13852,49.64874551971326
280,1.06559,8.009722,14.319293,NaN,NaN,NaN,19.721514,21698,13902,49.65
281,1.063954,8.01033,13.617618,NaN,NaN,NaN,19.763525,21780,13952,49.65124555160142
282,1.071479,7.943506,13.620691,NaN,NaN,NaN,19.79993,21851,14002,49.652482269503544
283,1.074932,7.932748,13.545919,NaN,NaN,NaN,19.840444,21927,14052,49.65371024734982
284,1.083609,7.9402,13.517359,NaN,NaN,NaN,19.880819,21996,14102,49.65492957746479
285,1.11036,7.978262,13.58888,NaN,NaN,NaN,19.926525,22073,14152,49.656140350877195
286,1.104444,7.989988,13.56852,NaN,NaN,NaN,19.995336,22135,14202,49.65734265734266
287,1.086549,7.980866,13.569367,NaN,NaN,NaN,20.055293,22206,14252,49.65853658536585
288,1.087999,7.982298,13.553474,NaN,NaN,NaN,20.093992,22293,14302,49.65972222222222
289,1.097667,7.987825,13.540867,NaN,NaN,NaN,20.130046,22371,14352,49.660899653979236
290,1.098762,7.989461,13.498256,NaN,NaN,NaN,20.172049,22447,14402,49.66206896551724
291,1.100893,7.988591,13.498007,NaN,NaN,NaN,20.211539,22524,14452,49.66323024054983
292,1.111815,7.979397,13.513021,NaN,NaN,NaN,20.249486,22596,14502,49.66438356164384
293,1.112442,7.984874,13.520639,NaN,NaN,NaN,20.294987,22677,14552,49.665529010238906
294,1.113781,7.962618,13.527618,NaN,NaN,NaN,20.337292,22762,14602,49.666666666666664
295,1.12361,7.971037,13.543444,NaN,NaN,NaN,20.376977,22830,14652,49.66779661016949
296,1.128373,7.98978,13.568122,NaN,NaN,NaN,20.423288,22910,14702,49.66891891891892
297,1.12567,8.033538,13.585864,NaN,NaN,NaN,20.470684,22991,14752,49.67003367003367
298,1.140439,8.050213,13.606783,NaN,NaN,NaN,20.511626,23052,14802,49.671140939597315
299,1.132515,8.034496,13.617205,NaN,NaN,NaN,20.564446,23121,14852,49.67224080267559
300,1.13325,8.034168,13.623279,21.739369,NaN,NaN,20.60612,23195,14902,49.67333333333333
301,1.163136,8.06879,13.654564,21.762246,NaN,NaN,20.645114,23278,14952,49.674418604651166
302,1.148764,8.081432,13.671075,21.720118,NaN,NaN,20.710037,23338,15002,49.675496688741724
303,1.252997,8.187567,13.095495,21.831869,NaN,NaN,20.757769,23424,15052,49.67656765676568
304,1.207967,8.257754,13.157657,21.893641,NaN,NaN,20.905793,23495,15102,49.67763157894737
305,1.151379,7.557529,13.128687,21.893368,NaN,NaN,21.005528,23567,15152,49.678688524590164
306,1.172514,7.575424,13.133274,21.908061,NaN,NaN,21.045339,23646,15202,49.6797385620915
307,1.167836,7.587834,13.149272,21.918958,NaN,NaN,21.102596,23715,15252,49.68078175895766
308,1.165553,7.594943,13.15764,21.921537,NaN,NaN,21.151861,23787,15302,49.68181818181818
309,1.163034,7.599025,13.149481,21.923305,NaN,NaN,21.195448,23862,15352,49.68284789644013
310,1.172249,7.600243,13.15486,21.92367,NaN,NaN,21.233065,23935,15402,49.68387096774194
311,1.173644,7.595639,13.150211,21.927152,NaN,NaN,21.276423,24015,15452,49.68488745980707
312,1.170545,7.595259,13.088184,21.917185,NaN,NaN,21.317447,24096,15502,49.68589743589744
313,1.230909,7.650774,13.140392,21.971444,NaN,NaN,21.351573,24177,15552,49.68690095846645
314,1.179468,7.635141,13.135953,21.977566,NaN,NaN,21.442228,24263,15602,49.68789808917197
315,1.196161,7.640626,13.060578,21.957655,NaN,NaN,21.477442,24339,15652,49.68888888888889
316,1.187483,7.637266,13.049809,21.954329,NaN,NaN,21.525835,24418,15702,49.68987341772152
317,1.199216,7.646635,13.039877,21.959245,NaN,NaN,21.561861,24504,15752,49.69085173501577
318,1.21856,7.667521,13.062753,21.976547,NaN,NaN,21.605626,24587,15802,49.691823899371066
319,1.215939,7.671701,13.080671,21.990685,NaN,NaN,21.664884,24662,15852,49.692789968652036
320,1.220679,7.652864,13.096639,21.982426,NaN,NaN,21.717983,24735,15902,49.69375
321,1.211608,6.645277,13.093926,21.942274,NaN,NaN,21.772318,24823,15952,49.69470404984423
322,1.211887,6.643323,13.090784,21.946032,NaN,NaN,21.813461,24908,16002,49.69565217391305
323,1.218018,6.590417,13.08554,21.933249,NaN,NaN,21.850923,24981,16052,49.696594427244584
324,1.240604,6.615456,13.093753,21.822669,NaN,NaN,21.891132,25055,16102,49.69753086419753
325,1.227869,6.624197,13.093685,21.830269,NaN,NaN,21.950401,25139,16152,49.69846153846154
326,1.27395,6.666875,13.131549,21.88056,NaN,NaN,21.993039,25212,16202,49.69938650306749
327,1.233082,6.666096,13.141479,21.686439,NaN,NaN,22.078289,25287,16252,49.70030581039755
328,1.233913,6.653149,13.131533,21.668015,NaN,NaN,22.119103,25361,16302,49.701219512195124
329,1.357407,6.758712,13.254836,21.727713,NaN,NaN,22.157289,25450,16352,49.702127659574465
330,1.241178,6.775282,13.260879,21.730835,NaN,NaN,22.314919,25529,16402,49.7030303030303
331,1.266646,6.807812,13.282558,21.752917,NaN,NaN,22.352562,25603,16452,49.70392749244713
332,1.250175,6.818255,13.281559,21.745552,NaN,NaN,22.412224,25668,16502,49.704819277108435
333,1.27793,6.480198,13.297856,21.764753,NaN,NaN,22.45241,25752,16552,49.705705705705704
334,1.256683,6.48766,13.295762,21.765022,NaN,NaN,22.516368,25833,16602,49.706586826347305
335,1.253458,6.491018,13.271439,21.755909,NaN,NaN,22.555282,25906,16652,49.70746268656716
336,1.286891,6.522044,13.283022,21.775517,NaN,NaN,22.587479,25978,16702,49.708333333333336
337,1.268265,6.536247,13.286707,21.767583,NaN,NaN,22.649699,26048,16752,49.70919881305638
338,1.329271,6.60033,13.353902,21.797932,NaN,NaN,22.689974,26131,16802,49.710059171597635
339,1.284997,6.617622,13.348995,21.805721,NaN,NaN,22.787272,26205,16852,49.71091445427729
340,1.295283,6.588639,13.36657,21.745607,NaN,NaN,22.836877,26284,16902,49.71176470588235
341,1.287168,6.526744,13.371042,21.753416,NaN,NaN,22.893139,26361,16952,49.712609970674485
342,1.287399,6.530122,13.34941,21.739578,NaN,NaN,22.937645,26439,17002,49.71345029239766
343,1.285819,6.525523,13.321734,21.657067,NaN,NaN,22.978718,26513,17052,49.714285714285715
344,1.294708,6.522825,13.325274,21.61005,NaN,NaN,23.014838,26590,17102,49.71511627906977
345,1.291907,6.490818,13.307188,21.583582,NaN,NaN,23.056259,26670,17152,49.71594202898551
346,1.304183,6.491717,13.306919,21.59781,NaN,NaN,23.09113,26748,17202,49.716763005780344
347,1.317894,6.508666,13.326798,21.579688,NaN,NaN,23.134588,26831,17252,49.71757925072046
348,1.332606,6.527087,13.360363,21.612056,NaN,NaN,23.187843,26911,17302,49.7183908045977
349,2.086397,7.299258,14.141527,22.401141,NaN,NaN,23.252097,26982,17352,49.71919770773639
350,1.340089,7.32623,14.177024,22.380938,NaN,NaN,24.066852,27055,17402,49.72
351,1.316023,7.324164,14.166436,22.347984,NaN,NaN,24.131956,27123,17452,49.72079772079772
352,1.314116,7.309932,14.168505,22.325729,NaN,NaN,24.16983,27196,17502,49.72159090909091
353,1.322515,7.302443,14.161655,22.31006,NaN,NaN,24.202452,27277,17552,49.72237960339943
354,1.78053,7.557592,14.604213,22.759829,NaN,NaN,24.239648,27341,17602,49.72316384180791
355,1.334857,7.567724,14.609867,22.752901,NaN,NaN,24.731968,27411,17652,49.72394366197183
356,1.32948,7.529067,14.613602,22.673978,NaN,NaN,24.775313,27489,17702,49.7247191011236
357,1.336971,7.52519,14.578229,22.67941,NaN,NaN,24.809619,27567,17752,49.72549019607843
358,1.343568,7.530489,14.579248,22.686315,NaN,NaN,24.847885,27632,17802,49.726256983240226
359,1.340953,7.508344,14.576652,22.680531,NaN,NaN,24.889744,27711,17852,49.72701949860724
360,1.353331,7.509321,14.573994,22.67853,NaN,NaN,24.925306,27786,17902,49.727777777777774
361,1.351647,7.513674,14.578072,22.681094,NaN,NaN,24.969763,27858,17952,49.72853185595568
362,1.352547,7.505168,14.583759,22.685361,NaN,NaN,25.009188,27918,18002,49.729281767955804
363,1.359033,7.500016,14.584835,22.691575,NaN,NaN,25.046759,27999,18052,49.730027548209364
364,1.360808,7.498049,14.588048,22.697694,NaN,NaN,25.087053,28074,18102,49.73076923076923
365,1.365718,7.500954,14.578595,22.691233,NaN,NaN,25.125613,28151,18152,49.73150684931507
366,1.378524,7.51266,14.591835,22.711402,NaN,NaN,25.165395,28227,18202,49.73224043715847
367,1.457021,7.585641,14.667517,22.806559,NaN,NaN,25.214476,28295,18252,49.73297002724796
368,1.405367,7.622216,14.692634,22.840292,NaN,NaN,25.338954,28374,18302,49.733695652173914
369,1.471256,7.70801,14.788357,22.933144,NaN,NaN,25.408092,28456,18352,49.734417344173444
370,1.375058,7.592981,14.741952,22.929007,NaN,NaN,25.539362,28529,18402,49.73513513513514
371,1.391594,7.604937,14.744905,22.235249,NaN,NaN,25.571048,28602,18452,49.735849056603776
372,1.38734,7.605272,14.742308,22.143043,NaN,NaN,25.615868,28675,18502,49.736559139784944
373,1.463613,7.675149,14.814768,22.207436,NaN,NaN,25.653033,28745,18552,49.7372654155496
374,1.43762,7.724117,14.837938,21.084043,NaN,NaN,25.763213,28810,18602,49.7379679144385
375,2.052849,8.373095,15.45897,21.737843,NaN,NaN,25.844375,28890,18652,49.73866666666667
376,1.404435,8.374482,15.461278,21.724366,NaN,NaN,26.537038,28955,18702,49.73936170212766
377,1.403732,8.378516,15.3523,21.727437,NaN,NaN,26.578198,29026,18752,49.740053050397876
378,1.411595,8.388093,15.32543,21.684691,NaN,NaN,26.615336,29090,18802,49.74074074074074
379,1.407986,8.390385,15.326191,21.659688,NaN,NaN,26.657369,29163,18852,49.74142480211082
380,1.414256,8.385131,15.329263,21.638834,NaN,NaN,26.692389,29237,18902,49.742105263157896
381,2.445778,9.412458,16.358834,21.966122,NaN,NaN,26.730205,29315,18952,49.74278215223097
382,1.430927,9.427021,16.299048,21.976233,NaN,NaN,27.796024,29389,19002,49.7434554973822
383,1.439626,9.442642,16.300458,21.913629,NaN,NaN,27.84346,29454,19052,49.74412532637076
384,1.431586,9.447348,16.303939,21.881098,NaN,NaN,27.896581,29527,19102,49.744791666666664
385,1.433425,9.445113,16.313015,21.923633,NaN,NaN,27.938213,29591,19152,49.74545454545454
386,1.439937,9.423267,16.308811,21.887343,NaN,NaN,27.978666,29664,19202,49.74611398963731
387,1.443803,9.410771,16.305088,21.893589,NaN,NaN,28.022261,29750,19252,49.746770025839794
388,1.458728,9.430404,16.324703,21.895879,NaN,NaN,28.065668,29823,19302,49.74742268041237
389,1.449386,9.43989,16.330048,21.88309,NaN,NaN,28.12055,29905,19352,49.74807197943445
390,1.451891,9.441977,16.332676,21.841471,NaN,NaN,28.162135,29980,19402,49.748717948717946
391,1.469377,9.460558,16.348256,21.857672,NaN,NaN,28.20272,30055,19452,49.749360613810744
392,1.462187,9.469933,16.337515,21.871139,NaN,NaN,28.257232,30133,19502,49.75
393,1.461553,9.46735,16.339782,21.875547,NaN,NaN,28.300784,30211,19552,49.75063613231552
394,1.524106,9.526868,16.375705,21.940705,NaN,NaN,28.340054,30300,19602,49.75126903553299
395,1.481704,9.54255,16.389977,21.962384,NaN,NaN,28.437823,30387,19652,49.75189873417722
396,1.472138,9.537426,16.398833,21.977175,NaN,NaN,28.488576,30460,19702,49.75252525252525
397,1.477984,9.533589,16.441457,21.993783,NaN,NaN,28.526289,30542,19752,49.75314861460957
398,1.500503,9.554896,16.46467,22.02124,NaN,NaN,28.566019,30620,19802,49.753768844221106
399,1.505583,9.565706,16.467687,22.050396,NaN,NaN,28.624569,30694,19852,49.75438596491228
400,1.490986,9.569578,16.470496,22.059607,30.175697,NaN,28.684712,30771,19902,49.755
401,1.49897,9.580522,16.486176,22.07195,30.179632,NaN,28.726666,30851,19952,49.755610972568576
402,1.498363,9.561036,16.493704,22.083347,30.13239,NaN,28.77271,30929,20002,49.756218905472636
403,1.501584,9.558317,16.492887,21.400815,30.137189,NaN,28.814502,31011,20052,49.75682382133995
404,1.505469,9.455286,16.505073,21.404976,30.14096,NaN,28.85561,31078,20102,49.757425742574256
405,1.501176,9.393057,15.799207,21.370365,30.135046,NaN,28.897409,31154,20152,49.758024691358024
406,1.533509,9.419545,15.822455,21.380305,30.155092,NaN,28.931375,31238,20202,49.758620689655174
407,1.534741,9.425857,15.845855,21.407293,30.176979,NaN,28.993712,31318,20252,49.75921375921376
408,1.528627,9.430186,15.859576,21.422273,30.18617,NaN,29.05342,31392,20302,49.759803921568626
409,1.519406,9.427477,15.863468,21.413924,30.187748,NaN,29.103519,31477,20352,49.76039119804401
410,1.530022,9.437319,15.865313,21.41993,30.18874,NaN,29.140362,31551,20402,49.760975609756095
411,1.53727,9.445178,15.867173,21.421745,30.198686,NaN,29.184331,31622,20452,49.76155717761557
412,1.537297,9.452064,15.876778,21.369703,30.198704,NaN,29.232214,31688,20502,49.762135922330096
413,1.534837,9.46034,15.880205,21.369823,30.200875,NaN,29.277076,31765,20552,49.76271186440678
414,1.536338,9.41001,15.865683,21.366495,30.208108,NaN,29.3159,31842,20602,49.76328502415459
415,1.541692,9.416894,15.861359,21.281311,30.178388,NaN,29.352644,31917,20652,49.76385542168675
416,1.541125,9.406543,15.856326,21.268869,30.173389,NaN,29.391253,31988,20702,49.76442307692308
417,1.547708,9.411824,15.859243,21.252485,30.171853,NaN,29.425977,32054,20752,49.76498800959233
418,1.5563,9.414873,15.863834,21.259066,30.17286,NaN,29.464199,32134,20802,49.76555023923445
419,1.563577,9.405884,15.861646,21.270616,30.18063,NaN,29.507191,32207,20852,49.766109785202865
420,1.558226,9.394338,15.826523,21.270298,30.156085,NaN,29.554095,32272,20902,49.766666666666666
421,1.566054,9.386401,14.82007,21.268719,30.117067,NaN,29.592665,32352,20952,49.76722090261283
422,1.560307,9.382137,14.813573,21.261034,30.116282,NaN,29.635291,32433,21002,49.76777251184834
423,1.590321,9.407803,14.780202,21.275325,30.123034,NaN,29.668405,32520,21052,49.76832151300236
424,1.583117,9.419391,14.794243,21.27254,30.001456,NaN,29.727406,32589,21102,49.7688679245283
425,1.573167,9.398726,14.795054,21.264542,30.001126,NaN,29.77596,32659,21152,49.76941176470588
426,1.595735,9.41404,14.806965,21.271639,30.02065,NaN,29.811344,32722,21202,49.76995305164319
427,1.579676,9.367764,14.800778,21.276161,29.821121,NaN,29.866377,32797,21252,49.77049180327869
428,1.615679,9.398362,14.817598,21.295982,29.832464,NaN,29.901786,32875,21302,49.771028037383175
429,1.595074,9.407354,14.808659,21.304783,29.77766,NaN,29.969569,32953,21352,49.77156177156177
430,1.606788,9.305052,14.839156,21.324753,29.794709,NaN,30.013183,33026,21402,49.77209302325581
431,1.595214,9.307734,14.8489,21.323646,29.794005,NaN,30.065082,33095,21452,49.77262180974478
432,1.600025,9.289947,14.858027,21.321331,29.785324,NaN,30.102146,33168,21502,49.773148148148145
433,1.600793,9.288915,14.491183,21.308841,29.775738,NaN,30.140532,33246,21552,49.773672055427255
434,1.625207,9.284758,14.515735,21.323837,29.793097,NaN,30.175919,33324,21602,49.774193548387096
435,1.612803,9.28952,14.52708,21.307501,29.791971,NaN,30.231999,33395,21652,49.774712643678164
436,1.613352,9.298175,14.533328,21.294306,29.786801,NaN,30.272302,33468,21702,49.77522935779817
437,1.624818,9.284809,14.552791,21.303251,29.784127,NaN,30.30969,33553,21752,49.775743707093824
438,1.633267,9.297837,14.568896,21.322468,29.766498,NaN,30.354544,33622,21802,49.77625570776256
439,1.67643,9.293822,14.626447,21.35782,29.814546,NaN,30.404664,33710,21852,49.77676537585421
440,1.644006,9.300939,14.594295,21.372226,29.751263,NaN,30.49381,33785,21902,49.777272727272724
441,1.652901,9.306814,14.54639,21.390688,29.773062,NaN,30.547052,33870,21952,49.77777777777778
442,1.64295,9.31048,14.553203,21.372491,29.762659,NaN,30.605175,33952,22002,49.77828054298642
443,1.639673,9.31049,14.550194,21.346405,29.681738,NaN,30.649535,34016,22052,49.77878103837472
444,1.64288,9.315581,14.543698,21.346147,29.630923,NaN,30.687539,34093,22102,49.77927927927928
445,1.655486,9.324357,14.523268,21.339638,29.616032,NaN,30.72513,34162,22152,49.779775280898875
446,1.650791,9.331753,14.519287,21.334489,29.62538,NaN,30.772092,34235,22202,49.780269058295964
447,1.654931,9.331292,14.522064,21.340196,29.593086,NaN,30.810949,34304,22252,49.78076062639821
448,1.686565,9.349441,14.543922,21.377198,29.628891,NaN,30.850719,34389,22302,49.78125
449,1.654141,9.320088,14.532949,21.375218,29.634832,NaN,30.918044,34463,22352,49.78173719376392
450,1.663909,8.546507,14.532648,21.383442,29.587356,NaN,30.94945,34526,22402,49.782222222222224
451,1.664926,8.52062,14.528761,21.371033,29.552581,NaN,30.98765,34602,22452,49.78270509977827
452,1.669506,8.523064,14.51888,21.377453,29.534677,NaN,31.023388,34672,22502,49.783185840707965
453,1.686524,8.544552,14.52448,21.383692,29.532097,NaN,31.06048,34743,22552,49.783664459161145
454,1.678088,8.549718,14.32678,21.373401,29.529017,NaN,31.111278,34832,22602,49.784140969163
455,1.698324,8.11576,14.348627,21.39077,29.533804,NaN,31.149404,34902,22652,49.784615384615385
456,1.680699,8.109847,14.309434,21.393969,29.454345,NaN,31.204461,34980,22702,49.78508771929825
457,1.685263,8.113807,14.302026,21.355065,29.456246,NaN,31.238163,35051,22752,49.7855579868709
458,1.694785,8.120071,14.306992,21.355751,29.462818,NaN,31.273171,35116,22802,49.786026200873366
459,1.700387,8.125313,14.292704,21.361012,29.464891,NaN,31.31467,35198,22852,49.78649237472767
460,1.712426,8.145071,14.301061,21.365734,29.47027,NaN,31.357951,35277,22902,49.78695652173913
461,1.700157,8.139922,14.301949,21.366347,29.469369,NaN,31.409528,35358,22952,49.78741865509761
462,1.703247,8.139098,14.291719,21.37031,29.471912,NaN,31.445039,35431,23002,49.78787878787879
463,1.714098,8.147577,14.28856,21.373379,29.480119,NaN,31.480238,35508,23052,49.78833693304536
464,1.717048,8.152703,14.289944,21.379943,29.489589,NaN,31.522708,35589,23102,49.78879310344828
465,1.716291,8.155063,14.290299,21.36794,29.480578,NaN,31.564385,35667,23152,49.78924731182796
466,1.733826,8.17007,14.304206,21.383381,29.502948,NaN,31.601639,35744,23202,49.78969957081545
467,1.726182,8.16456,14.29318,21.375056,29.514098,NaN,31.652854,35816,23252,49.79014989293362
468,1.730106,8.084167,14.301016,21.371434,29.519092,NaN,31.693015,35906,23302,49.79059829059829
469,1.731681,8.056381,14.293135,21.373482,29.518269,NaN,31.732792,35977,23352,49.791044776119406
470,1.754129,7.985595,14.203518,21.352489,29.539544,NaN,31.770828,36052,23402,49.791489361702126
471,1.740553,7.997331,14.210674,21.350642,28.840986,NaN,31.827826,36117,23452,49.79193205944798
472,1.762964,8.015333,14.233265,21.370301,28.771036,NaN,31.868237,36190,23502,49.79237288135593
473,1.749637,8.024168,14.235704,21.375323,28.767991,NaN,31.927564,36261,23552,49.79281183932347
474,1.770586,7.977586,14.264083,21.377904,27.624009,NaN,31.970213,36338,23602,49.79324894514768
475,1.905622,8.091443,14.411689,21.497564,27.776437,NaN,32.030196,36417,23652,49.793684210526315
476,1.754275,7.43884,14.408887,21.495683,27.758771,NaN,32.221603,36506,23702,49.794117647058826
477,1.813563,7.492999,14.467783,21.441567,27.816704,NaN,32.257634,36575,23752,49.79454926624738
478,1.771796,7.506158,14.482656,21.419993,27.779254,NaN,32.349698,36657,23802,49.79497907949791
479,1.779319,7.518092,14.500491,21.436297,27.769794,NaN,32.396142,36745,23852,49.79540709812109
480,1.767974,7.5216,14.492475,21.436607,27.746178,NaN,32.446015,36822,23902,49.795833333333334
481,1.771607,7.522323,14.489003,21.435379,27.042667,NaN,32.480921,36889,23952,49.7962577962578
482,1.77836,6.49858,14.494674,21.366701,27.043886,NaN,32.516244,36958,24002,49.79668049792531
483,1.827855,6.539482,14.542498,21.400314,27.013485,NaN,32.555087,37040,24052,49.79710144927536
484,1.782318,6.525281,14.541043,21.397634,26.974793,NaN,32.639544,37122,24102,49.79752066115702
485,1.789508,6.525816,14.537504,21.405406,27.016024,NaN,32.674521,37203,24152,49.7979381443299
486,1.788437,6.522594,14.505924,21.391468,26.97,NaN,32.712823,37270,24202,49.79835390946502
487,1.805396,6.529942,14.49691,21.391227,26.979728,NaN,32.746807,37342,24252,49.79876796714579
488,1.822826,6.551483,14.523159,21.417458,26.988634,NaN,32.794325,37426,24302,49.799180327868854
489,1.80163,6.536381,14.526885,21.417043,26.970085,NaN,32.855301,37492,24352,49.79959100204499
490,1.836108,6.565972,14.556058,21.446757,26.955552,NaN,32.891999,37558,24402,49.8
491,1.804559,6.561919,14.5531,21.440798,26.950214,NaN,32.96008,37641,24452,49.80040733197556
492,1.80973,6.545105,14.552851,21.420433,26.954057,NaN,32.992607,37710,24502,49.800813008130085
493,1.863116,6.589369,14.595166,21.467598,27.003363,NaN,33.027037,37785,24552,49.801217038539555
494,1.818555,6.589864,14.592626,21.441463,27.006463,NaN,33.111363,37855,24602,49.80161943319838
495,1.819535,6.529586,14.590432,21.437859,27.010266,NaN,33.147874,37929,24652,49.8020202020202
496,1.824336,6.517655,14.582943,21.44435,27.022692,NaN,33.181895,38006,24702,49.80241935483871
497,1.8677,6.558518,14.614123,21.521991,27.074317,NaN,33.217107,38095,24752,49.80281690140845
498,1.836772,6.56226,14.616653,21.526427,27.082997,NaN,33.291507,38171,24802,49.803212851405625
499,1.853715,6.560538,14.620661,21.522642,27.105351,NaN,33.331392,38245,24852,49.80360721442886
500,1.844695,6.544698,14.62329,21.524208,27.113319,35.229409,33.384715,38320,24902,49.804
501,1.846042,6.544835,14.626387,21.532041,27.117815,35.225497,33.425459,38391,24952,49.80439121756487
502,1.851502,6.542955,14.605628,21.538296,27.127939,35.176982,33.464163,38471,25002,49.80478087649402
503,1.84889,6.53891,14.595643,21.530213,26.438141,35.174515,33.504522,38544,25052,49.8051689860835
504,1.875266,6.558527,14.508344,21.558131,26.458034,35.194018,33.538871,38618,25102,49.80555555555556
505,1.872329,6.571016,14.462897,20.869047,26.440205,35.204886,33.596096,38686,25152,49.80594059405941
506,1.999162,6.714971,14.601007,21.003917,26.561767,35.336554,33.647184,38774,25202,49.80632411067194
507,1.886609,6.713948,14.605064,21.025062,26.5865,35.356186,33.821051,38850,25252,49.80670611439842
508,1.867729,6.693069,14.594628,21.024018,26.586715,35.350612,33.87876,38917,25302,49.80708661417323
509,1.885416,6.696363,14.604434,21.040425,26.590881,35.364705,33.914466,38980,25352,49.80746561886051
510,1.874473,6.698993,14.60629,21.034284,26.588901,35.357711,33.964882,39046,25402,49.8078431372549
511,1.875132,6.692061,14.599969,21.021964,26.576536,35.353477,34.00126,39108,25452,49.80821917808219
512,1.879463,6.682564,14.597331,21.022045,26.51497,35.343971,34.035315,39154,25502,49.80859375
513,1.882621,6.677118,14.602621,21.022486,26.512104,35.343156,34.071573,39224,25552,49.80896686159844
514,1.889892,6.681637,14.555309,21.010982,26.511794,35.353407,34.107645,39287,25602,49.809338521400775
515,1.916155,6.711544,14.586746,21.031211,26.451163,35.34824,34.148033,39371,25652,49.80970873786408
516,1.892373,6.711973,14.577391,21.027174,26.439717,35.344237,34.210853,39434,25702,49.810077519379846
517,1.898164,6.719149,14.583265,21.030684,26.423926,35.343294,34.246962,39504,25752,49.81044487427466
518,1.897012,6.718404,14.576977,21.025938,26.42117,35.334964,34.285591,39568,25802,49.810810810810814
519,1.926963,6.739783,14.58209,21.037852,26.446822,35.356836,34.320011,39632,25852,49.811175337186896
520,1.975403,6.802722,14.638834,21.071019,26.514794,35.400581,34.381414,39694,25902,49.81153846153846
521,1.90925,6.804912,14.625259,20.058928,26.507577,35.355925,34.488327,39763,25952,49.81190019193858
522,1.928226,6.818825,14.640655,20.072091,26.519552,35.3748,34.52589,39847,26002,49.81226053639847
523,1.942968,6.853034,14.670516,20.042915,26.538038,35.385747,34.578471,39925,26052,49.81261950286807
524,1.916837,6.831523,14.667797,20.042649,26.520946,35.249862,34.642092,39998,26102,49.81297709923664
525,1.919513,6.819689,14.645248,20.041576,26.511064,35.247648,34.676136,40061,26152,49.81333333333333
526,1.939378,6.837953,14.656258,20.049183,26.513857,35.262868,34.709919,40130,26202,49.81368821292776
527,1.927323,6.821149,14.609237,20.042251,26.517634,35.062594,34.760203,40197,26252,49.81404174573055
528,2.6283,7.521834,15.304517,20.723753,27.202137,35.738619,34.79532,40263,26302,49.81439393939394
529,1.938781,7.49757,15.30985,20.711155,27.207279,35.680156,35.528358,40327,26352,49.81474480151229
530,1.934392,7.490052,15.188316,20.72242,27.208017,35.677973,35.568843,40396,26402,49.81509433962264
531,1.942365,7.479034,15.191554,20.73272,27.207466,35.677825,35.601751,40463,26452,49.81544256120527
532,1.944057,7.48137,15.171292,20.739372,27.202676,35.666669,35.639459,40538,26502,49.81578947368421
533,1.951443,7.48626,15.174382,20.37665,27.194308,35.661205,35.675349,40612,26552,49.81613508442777
534,1.964657,7.503824,15.163375,20.394352,27.202454,35.671714,35.715086,40674,26602,49.81647940074907
535,1.976514,7.509614,15.186331,20.423891,27.204312,35.688782,35.765099,40748,26652,49.816822429906544
536,1.961944,7.5131,15.197923,20.433076,27.194054,35.686549,35.823458,40820,26702,49.81716417910448
537,1.968694,7.522845,15.182836,20.450818,27.201278,35.682154,35.863841,40883,26752,49.81750465549348
538,1.966101,7.51955,15.18412,20.455179,27.208751,35.652781,35.907993,40953,26802,49.817843866171
539,1.980133,7.521654,15.139046,20.471671,27.203044,35.65977,35.946185,41027,26852,49.81818181818182
540,1.971975,7.473036,15.129969,20.423325,27.201256,35.580293,35.994871,41099,26902,49.818518518518516
541,1.971538,7.456539,15.110452,20.350028,27.194326,35.5767,36.032053,41168,26952,49.818853974122
542,1.98253,7.442902,15.110432,20.353155,27.172443,35.562611,36.065547,41238,27002,49.81918819188192
543,1.977328,7.434504,15.105321,20.345025,27.141236,35.476569,36.106711,41307,27052,49.8195211786372
544,1.983596,7.435483,15.108184,20.336301,27.13875,35.423526,36.139426,41384,27102,49.81985294117647
545,2.01095,7.460518,15.129389,20.3283,27.14467,35.421064,36.174698,41464,27152,49.820183486238534
546,1.990726,7.452304,15.133266,20.3208,27.136002,35.426893,36.23367,41538,27202,49.82051282051282
547,1.999561,7.457526,15.133887,20.324659,27.142791,35.395681,36.268914,41611,27252,49.820840950639855
548,2.00607,7.464884,15.12776,20.322241,27.155517,35.40721,36.309533,41685,27302,49.82116788321168
549,2.052658,7.487764,15.153711,20.366572,27.208841,35.468455,36.35315,41754,27352,49.821493624772316
550,2.001483,7.492152,14.37475,20.360891,27.211685,35.415599,36.440119,41833,27402,49.82181818181818
551,2.012827,7.497459,14.353153,20.361294,27.203566,35.385114,36.472282,41910,27452,49.82214156079855
552,2.055153,7.543904,14.397462,20.393278,27.251851,35.409075,36.512139,41984,27502,49.822463768115945
553,2.014573,7.544878,14.402906,20.382834,27.242046,35.390451,36.590785,42055,27552,49.822784810126585
554,2.029283,7.543504,14.415134,20.192196,27.238817,35.394433,36.625499,42122,27602,49.82310469314079
555,2.023274,7.545671,13.963107,20.195974,27.238117,35.381151,36.671801,42196,27652,49.82342342342342
556,2.027973,7.532144,13.961292,20.160879,27.245414,35.30579,36.708632,42262,27702,49.82374100719424
557,3.394716,8.903613,15.332157,21.520376,28.573415,36.674596,36.74706,42329,27752,49.824057450628366
558,2.046927,8.922872,15.348158,21.535079,28.583838,36.690905,38.149116,42417,27802,49.82437275985663
559,2.039069,8.923576,15.348502,21.515893,28.584201,36.68808,38.199177,42485,27852,49.82468694096601
560,2.052138,8.932405,15.36505,21.52104,28.585713,36.690249,38.238218,42545,27902,49.825
561,2.044443,8.92233,15.362095,21.524122,28.58852,36.691542,38.287415,42616,27952,49.825311942959004
562,2.076951,8.957518,15.393369,21.54599,28.624581,36.726183,38.325606,42677,28002,49.82562277580071
563,2.053047,8.96625,15.399729,21.540712,28.625531,36.732271,38.393441,42755,28052,49.825932504440495
564,2.058668,8.969694,15.405349,21.54259,28.632589,36.742235,38.433734,42820,28102,49.826241134751776
565,2.05617,8.968387,15.407159,21.542395,28.620036,36.732674,38.476602,42888,28152,49.826548672566375
566,2.068332,8.980494,15.416738,21.550874,28.630049,36.749616,38.513801,42958,28202,49.82685512367491
567,2.070859,8.977897,15.416275,21.544895,28.626771,36.765813,38.559892,43037,28252,49.82716049382716
568,2.062626,8.97435,15.328411,21.54526,28.615678,36.763336,38.604739,43108,28302,49.82746478873239
569,2.066978,8.972214,15.296914,21.533668,28.614015,36.758802,38.638028,43183,28352,49.82776801405976
570,2.069197,8.97054,15.202006,21.419929,28.5689,36.755955,38.672171,43258,28402,49.8280701754386
571,2.116969,8.994216,15.250994,21.464337,28.604305,36.094649,38.705073,43337,28452,49.828371278458846
572,2.077611,8.991433,15.243802,21.461734,28.59877,35.999505,38.782059,43408,28502,49.82867132867133
573,2.086293,8.97505,15.249581,21.461117,28.600736,35.993404,38.816321,43483,28552,49.82897033158813
574,2.089168,8.974668,15.181668,21.468165,28.581986,34.828091,38.855713,43564,28602,49.829268292682926
575,2.091628,8.955688,15.141509,21.461755,28.54763,34.826503,38.894256,43637,28652,49.829565217391306
576,2.097133,8.807349,14.491914,21.461961,28.548757,34.811845,38.931819,43710,28702,49.829861111111114
577,2.100128,8.814007,14.493443,21.468227,28.442011,34.817148,38.971513,43777,28752,49.83015597920277
578,2.110834,8.772186,14.506548,21.483046,28.420383,34.779644,39.01105,43857,28802,49.83044982698962
579,2.108531,8.769927,14.5087,21.491099,28.426905,34.760402,39.057538,43939,28852,49.8307426597582
580,2.109302,8.76117,14.514796,21.485671,28.429803,34.739374,39.097883,44011,28902,49.83103448275862
581,2.113301,8.767973,14.518689,21.485369,28.431745,34.039033,39.135593,44079,28952,49.83132530120482
582,2.116499,8.774407,13.494627,21.490721,28.362748,34.039933,39.174152,44143,29002,49.83161512027491
583,2.128856,8.786715,13.498342,21.501358,28.359174,33.972345,39.212946,44212,29052,49.83190394511149
584,2.112359,8.733517,13.47648,21.492242,28.348833,33.925992,39.260702,44248,29102,49.832191780821915
585,2.140836,8.756614,13.492922,21.50461,28.372512,33.98313,39.290299,44323,29152,49.83247863247863
586,2.122784,8.754768,13.488925,21.472255,28.357799,33.936331,39.344807,44400,29202,49.83276450511946
587,2.134645,8.765498,13.490044,21.457012,28.351329,33.93983,39.37766,44464,29252,49.83304940374787
588,2.131717,8.756771,13.485428,21.457104,28.351403,33.922579,39.419379,44537,29302,49.833333333333336
589,2.140418,8.739896,13.474647,21.465151,28.355309,33.908351,39.454779,44597,29352,49.83361629881154
590,2.173276,8.77732,13.507184,21.49727,28.387969,33.896764,39.496043,44680,29402,49.833898305084745
591,2.142277,8.748622,13.505982,21.497163,28.384861,33.894277,39.566425,44764,29452,49.834179357021995
592,2.147948,8.757163,13.492538,21.500284,28.367866,33.90149,39.601822,44831,29502,49.83445945945946
593,2.160484,8.773135,13.499388,21.505185,28.377617,33.913382,39.639688,44905,29552,49.83473861720068
594,2.177229,8.75247,13.523779,21.526541,28.375378,33.940378,39.686604,44977,29602,49.83501683501684
595,2.153389,8.752369,13.46242,21.523266,28.370693,33.9431,39.746854,45038,29652,49.83529411764706
596,2.169216,8.767737,13.461056,21.526344,28.387751,33.966093,39.780416,45111,29702,49.83557046979866
597,2.169378,8.778719,13.469537,21.525142,28.43301,33.985336,39.826448,45184,29752,49.835845896147404
598,2.170385,8.748125,13.473613,21.528006,28.43778,33.99435,39.869247,45256,29802,49.836120401337794
599,2.193258,8.771572,13.478395,21.538518,28.440499,34.023208,39.909706,45330,29852,49.83639398998331
600,2.17079,8.755703,13.455706,21.534298,28.435216,34.024327,39.969628,45398,29902,49.836666666666666
601,2.194933,8.773387,13.47218,21.553732,28.459386,34.04516,40.003913,45486,29952,49.8369384359401
602,2.190627,8.784637,13.47609,21.538763,28.471431,34.061074,40.058173,45557,30002,49.83720930232558
603,2.186633,8.786932,13.476952,21.533685,28.468255,33.376183,40.104821,45628,30052,49.83747927031509
604,2.197726,8.803072,13.486333,21.43615,28.485937,33.38584,40.144217,45712,30102,49.83774834437086
605,2.198938,8.793666,13.492353,21.384234,27.790384,33.361542,40.190824,45791,30152,49.83801652892562
606,2.215209,8.803024,13.518833,21.404869,27.807779,33.365629,40.234999,45857,30202,49.838283828382835
607,2.212742,8.684127,13.511466,21.402582,27.82258,33.384018,40.292436,45935,30252,49.83855024711697
608,2.233002,8.698041,13.523381,21.42494,27.85433,33.417027,40.343799,46013,30302,49.838815789473685
609,2.208986,8.706334,13.517281,21.425352,27.861343,33.411799,40.411814,46089,30352,49.839080459770116
610,2.208782,8.696138,13.520658,21.427955,27.855949,33.410566,40.452238,46170,30402,49.83934426229508
611,2.236773,8.724275,13.541204,21.449112,27.871107,33.425679,40.488762,46261,30452,49.83960720130933
612,2.261879,8.775546,13.578647,21.493414,27.918128,33.411053,40.548982,46341,30502,49.83986928104575
613,2.225262,8.784258,13.578755,21.504258,27.924123,33.413741,40.630569,46413,30552,49.840130505709624
614,2.227927,8.79249,13.584235,21.457907,27.91358,33.414392,40.672208,46500,30602,49.840390879478825
615,2.293858,8.858249,13.653638,21.52884,27.973305,33.393257,40.712424,46587,30652,49.84065040650407
616,2.236405,8.840134,13.659734,21.525152,27.974935,33.387478,40.814582,46661,30702,49.84090909090909
617,2.2441,8.852926,13.673911,21.538027,27.985446,33.378688,40.855788,46740,30752,49.84116693679093
618,2.246199,8.861651,13.683043,21.541616,27.990577,33.385809,40.901043,46813,30802,49.84142394822006
619,2.268468,8.893315,13.706135,21.548442,28.004204,33.413174,40.944858,46890,30852,49.841680129240714
620,2.246085,8.872044,13.699363,21.535475,27.96766,33.411435,41.007373,46967,30902,49.84193548387097
621,2.664268,9.219796,14.115458,21.935805,27.369474,33.818123,41.043855,47040,30952,49.84219001610306
622,2.254704,9.223927,14.114526,21.936356,27.367792,33.815253,41.495113,47113,31002,49.842443729903536
623,2.255934,9.210841,14.120907,21.938389,27.310788,33.805911,41.533378,47184,31052,49.842696629213485
624,2.263566,9.19102,14.105706,21.94198,27.316832,33.795129,41.569546,47267,31102,49.842948717948715
625,2.264454,9.197821,14.097997,21.923556,27.319884,33.789372,41.609503,47338,31152,49.8432
626,2.269341,9.20642,14.104995,21.9233,27.316225,33.780899,41.646998,47409,31202,49.843450479233226
627,2.283346,9.209159,14.102985,21.891073,27.324087,33.79947,41.686016,47495,31252,49.843700159489636
628,2.279889,9.219449,14.112983,21.895666,27.314902,33.793286,41.73488,47564,31302,49.84394904458599
629,2.282674,8.531325,14.090114,21.902394,27.303699,33.799823,41.777009,47637,31352,49.84419713831478
630,2.284613,8.534224,14.089884,21.788148,27.322252,33.807849,41.818454,47711,31402,49.84444444444444
631,2.286617,8.543261,14.07993,21.79245,27.333616,33.808362,41.858395,47779,31452,49.84469096671949
632,2.294569,8.552271,14.089584,21.779506,27.347586,33.81089,41.897161,47851,31502,49.84493670886076
633,2.294883,8.560036,14.094853,21.782975,26.985243,33.802901,41.940502,47929,31552,49.84518167456556
634,2.416007,8.681362,14.220529,21.88008,27.111057,33.919159,41.980441,48001,31602,49.845425867507885
635,2.400851,8.773785,14.306885,21.983602,27.221162,34.001583,42.138033,48086,31652,49.84566929133858
636,2.314206,8.767305,14.318461,22.003284,27.238437,33.999415,42.276557,48161,31702,49.84591194968554
637,2.334211,8.795261,14.349412,22.009403,27.277385,34.027845,42.324891,48238,31752,49.84615384615385
638,2.636764,9.118303,14.671752,22.336322,27.607381,34.360953,42.389532,48325,31802,49.84639498432602
639,2.325382,9.13177,14.673291,22.290683,27.623308,34.354681,42.752573,48384,31852,49.846635367762126
640,2.329754,9.136268,14.637329,22.294262,27.587618,34.365549,42.801385,48448,31902,49.846875
641,2.346326,9.165863,14.650864,22.304777,27.544353,34.388651,42.85159,48517,31952,49.847113884555384
642,2.323848,9.173475,14.633847,22.301377,27.5441,34.363388,42.915174,48589,32002,49.84735202492212
643,2.327743,9.17401,14.631186,22.302003,27.541707,34.337918,42.952978,48660,32052,49.84758942457232
644,2.354039,9.205986,14.657873,22.330574,27.558691,34.36114,42.991373,48741,32102,49.84782608695652
645,2.358027,9.23557,14.685138,22.354009,27.55292,34.36929,43.052241,48814,32152,49.84806201550388
646,2.483092,9.363089,14.824667,22.505629,27.693163,34.508365,43.113667,48894,32202,49.84829721362229
647,2.390662,9.418161,14.876126,22.552487,27.743259,34.561391,43.296413,48966,32252,49.84853168469861
648,2.343053,9.416836,14.87565,22.538526,27.733007,34.566283,43.383316,49035,32302,49.848765432098766
649,2.349823,9.416015,14.851121,22.517068,27.729929,34.572198,43.419342,49110,32352,49.84899845916795
650,2.375473,9.393936,14.884605,21.767203,27.753344,34.604138,43.458582,49187,32402,49.84923076923077
651,2.378583,9.426076,14.910708,21.766402,27.774543,34.616815,43.519775,49270,32452,49.8494623655914
652,2.364034,9.43208,14.920831,21.774389,27.770205,34.628778,43.580185,49333,32502,49.84969325153374
653,2.393639,9.425991,14.956296,21.814324,27.794252,34.653464,43.623137,49412,32552,49.849923430321596
654,2.368522,9.435,14.949221,21.820851,27.597913,34.644534,43.691977,49474,32602,49.850152905198776
655,3.063179,10.124231,15.646628,22.064064,28.296931,35.339074,43.732853,49544,32652,49.850381679389315
656,2.371562,10.128039,15.63221,22.061358,28.260945,35.34548,44.465109,49601,32702,49.85060975609756
657,2.901449,10.657476,16.166373,22.594917,28.783136,35.836175,44.503087,49667,32752,49.850837138508375
658,2.757236,9.67601,16.551955,22.977241,29.164162,36.212921,45.06789,49746,32802,49.851063829787236
659,2.421145,9.706809,16.591316,23.016242,29.183633,36.251941,45.484841,49826,32852,49.85128983308042
660,2.481285,9.804914,16.685181,23.117826,29.273816,36.338489,45.561847,49893,32902,49.85151515151515
661,2.41727,9.8257,16.703587,23.143352,29.305379,36.369777,45.695845,49965,32952,49.851739788199694
662,2.448736,9.885511,16.766078,23.201929,29.35455,36.433141,45.762381,50029,33002,49.85196374622357
663,2.405402,9.869373,16.782576,23.216055,29.357038,36.441857,45.857412,50098,33052,49.85218702865762
664,2.394281,9.866442,16.777468,23.213123,29.350364,36.440363,45.905895,50172,33102,49.852409638554214
665,2.420087,9.883327,16.795544,23.234316,29.369552,36.447193,45.939842,50247,33152,49.85263157894737
666,2.402397,9.88471,16.796872,23.233116,29.367252,36.446427,45.996114,50315,33202,49.852852852852855
667,2.407116,9.878755,16.785793,23.224171,29.352791,36.434667,46.031531,50382,33252,49.853073463268366
668,2.412205,9.87605,16.787774,23.141835,29.358684,36.429102,46.068584,50456,33302,49.85329341317365
669,2.414238,9.883443,16.788679,23.113379,29.350133,36.43048,46.107233,50518,33352,49.85351270553064
670,2.450233,9.923119,16.824462,23.055928,29.273851,36.422822,46.145057,50587,33402,49.853731343283584
671,2.419948,9.930534,16.807781,23.064559,29.277902,36.41787,46.215659,50658,33452,49.85394932935917
672,2.436765,9.90739,16.821212,23.073581,29.291513,36.428549,46.252684,50732,33502,49.854166666666664
673,2.432542,9.9193,16.808057,23.082588,29.294124,36.433743,46.303079,50795,33552,49.85438335809807
674,2.430312,9.920925,16.806425,23.013425,29.299922,36.413743,46.346326,50865,33602,49.85459940652819
675,2.440992,9.930829,16.794889,22.98071,29.300956,36.386831,46.384093,50925,33652,49.854814814814816
676,2.439803,9.937708,16.647924,22.332489,29.302536,36.389332,46.429724,50994,33702,49.85502958579882
677,2.455364,9.954661,16.66854,22.347976,29.32276,36.296544,46.47081,51065,33752,49.85524372230428
678,2.449522,9.962596,16.623948,22.35831,29.334808,36.272145,46.524124,51140,33802,49.85545722713864
679,2.509683,10.02022,16.681616,22.420389,29.402788,36.338594,46.568075,51210,33852,49.855670103092784
680,2.44914,10.020156,16.672024,22.42565,29.396525,36.340657,46.668899,51273,33902,49.85588235294118
681,2.4531,10.023722,16.678394,22.42911,29.39579,36.342166,46.706215,51344,33952,49.856093979441994
682,3.207857,10.777911,17.435819,22.156039,30.152133,37.02416,46.744206,51415,34002,49.856304985337246
683,2.465042,10.785746,17.443605,22.155232,30.158248,37.016064,47.53365,51482,34052,49.856515373352856
684,2.477238,10.793718,17.414876,22.157839,30.173601,37.030192,47.577182,51561,34102,49.85672514619883
685,2.463583,10.802491,17.418269,22.154577,30.166265,37.034167,47.629207,51622,34152,49.85693430656934
686,2.481099,10.801059,17.433043,22.1672,30.15053,37.036074,47.664767,51687,34202,49.857142857142854
687,2.49222,10.829336,17.460189,22.184735,30.151703,37.04602,47.714776,51761,34252,49.85735080058224
688,2.475618,10.828675,17.453729,22.182386,30.154062,37.048361,47.772436,51824,34302,49.85755813953488
689,2.57388,10.92964,17.529118,22.263869,30.254373,37.144531,47.810539,51896,34352,49.8577648766328
690,2.483494,10.930953,17.534997,22.264861,30.254947,37.145646,47.943502,51959,34402,49.857971014492755
691,2.48397,10.900686,17.507031,22.264391,30.255572,37.14327,47.983141,52008,34452,49.858176555716355
692,2.497207,10.916333,17.525548,22.260923,30.268669,37.136251,48.020948,52077,34502,49.858381502890175
693,2.518074,10.947197,17.559848,22.286101,30.291898,37.16433,48.068811,52148,34552,49.85858585858586
694,2.494949,10.942532,17.517773,22.289082,30.291844,37.140681,48.134187,52215,34602,49.85878962536023
695,2.50093,10.927426,17.526406,22.236457,30.297303,37.14473,48.17335,52282,34652,49.8589928057554
696,2.500189,10.935119,17.53364,22.226959,30.292247,37.153654,48.215346,52344,34702,49.85919540229885
697,2.499611,10.926847,17.536188,22.227006,30.282611,37.190479,48.253684,52411,34752,49.85939741750359
698,2.505753,10.924721,17.502461,22.227949,30.282342,37.192116,48.288215,52478,34802,49.85959885386819
699,2.510906,10.926986,17.5053,22.212123,30.272246,37.174227,48.325786,52543,34852,49.85979971387697
700,2.534485,10.930279,17.515192,22.215195,30.293787,37.194705,48.365422,52616,34902,49.86
701,2.475685,10.897022,17.475476,22.174269,30.255821,37.161475,48.42525,52616,34952,49.860199714693294
702,2.512844,10.880949,17.474959,22.166412,30.229085,37.161753,48.426278,52672,34953,49.79059829059829
703,2.521526,10.878534,17.478833,22.168853,30.225586,37.160156,48.461829,52734,35003,49.790896159317214
704,2.693665,11.052612,17.657958,22.341219,30.291036,37.340823,48.503164,52819,35053,49.79119318181818
705,2.524729,11.046662,17.64139,22.340077,30.231958,36.638108,48.712757,52895,35103,49.791489361702126
706,2.526621,11.041397,17.629212,22.345021,30.231057,36.633967,48.749775,52959,35153,49.79178470254958
707,2.533221,11.026316,17.497701,22.32504,30.216156,36.636154,48.785531,53044,35203,49.79207920792079
708,2.543198,11.023348,17.488387,22.313727,30.215286,36.644676,48.823949,53133,35253,49.79237288135593
709,2.548485,11.004892,17.50224,22.313187,30.221258,36.657249,48.868221,53211,35303,49.792665726375176
710,2.549147,11.011092,17.498448,22.322968,30.230265,36.658259,48.914183,53276,35353,49.792957746478876
711,2.55071,11.019733,17.507235,22.324164,30.232072,36.654067,48.957785,53340,35403,49.79324894514768
712,2.550353,11.001366,17.515033,22.318134,30.232901,36.657615,48.999995,53415,35453,49.793539325842694
713,3.063061,11.47083,18.029826,22.824323,30.749826,37.169691,49.038338,53493,35503,49.79382889200561
714,2.593787,11.507392,18.071955,22.8637,30.737372,37.193045,49.585813,53571,35553,49.794117647058826
715,2.565747,11.513644,18.078035,22.873424,30.748626,37.193091,49.660321,53651,35603,49.794405594405596
716,2.603281,11.49174,18.095469,22.915069,30.780487,37.23027,49.703041,53740,35653,49.79469273743017
717,2.57259,11.495914,18.10474,22.925725,30.789841,37.23726,49.779112,53812,35703,49.79497907949791
718,2.531592,11.451595,18.067047,22.888439,30.747012,37.195973,49.821046,53812,35753,49.79526462395543
719,2.582508,11.459632,18.084479,22.897299,30.739606,37.195368,49.821982,53891,35754,49.72739916550765
720,2.590975,11.45374,18.079699,22.907018,30.74313,37.175315,49.870138,53975,35804,49.727777777777774
721,2.604512,11.483335,18.038863,22.934525,30.754872,36.188541,49.922678,54044,35854,49.728155339805824
722,2.583604,11.074077,18.0433,22.933899,30.755729,36.187165,49.985586,54107,35904,49.72853185595568
723,2.586482,11.077714,18.032621,22.942687,30.760169,36.132568,50.02461,54172,35954,49.72890733056708
724,2.590188,11.084086,18.01154,22.926226,30.7625,36.137352,50.063444,54250,36004,49.729281767955804
725,2.593764,11.086579,18.019946,22.920122,30.745681,36.142009,50.102318,54316,36054,49.72965517241379
726,2.592489,11.087189,18.024268,22.922843,30.741148,36.134073,50.141698,54393,36104,49.730027548209364
727,2.5989,11.088979,18.014792,22.908618,30.696706,36.12972,50.176095,54465,36154,49.73039889958734
728,2.601811,11.080489,18.020049,22.913583,30.696266,36.115502,50.213558,54538,36204,49.73076923076923
729,2.606919,11.080395,17.329046,22.887835,30.700115,36.10142,50.250485,54611,36254,49.731138545953364
730,2.614905,11.085494,17.335105,22.890765,30.589029,36.123133,50.289043,54677,36304,49.73150684931507
731,2.613064,11.087127,17.343771,22.88044,30.59296,36.134126,50.332458,54743,36354,49.73187414500684
732,2.622683,11.096404,17.354106,22.891419,30.581341,36.149421,50.370882,54827,36404,49.73224043715847
733,2.620822,11.095399,17.360552,22.895369,30.583491,35.785759,50.415079,54899,36454,49.732605729877214
734,2.627053,11.100692,17.366047,22.905214,30.564765,35.795742,50.45408,54963,36504,49.73297002724796
735,2.625432,10.983756,17.35669,22.88979,30.566507,35.804067,50.496357,55028,36554,49.733333333333334
736,2.63677,10.894173,17.347272,22.898428,30.583251,35.818404,50.53396,55093,36604,49.733695652173914
737,2.657423,10.912436,17.373486,22.927637,30.587628,35.85561,50.579904,55160,36654,49.73405698778833
738,2.650569,10.904395,17.385934,22.939383,30.603953,35.875012,50.643358,55248,36704,49.734417344173444
739,2.644529,10.587905,17.394293,22.935814,30.553206,35.885831,50.695949,55315,36754,49.734776725304464
740,2.64556,10.583517,17.390031,22.891092,30.548025,35.841381,50.739342,55386,36804,49.73513513513514
741,2.653989,10.582812,17.402349,22.88735,30.541263,35.780839,50.780413,55456,36854,49.73549257759784
742,2.673795,10.585303,17.43493,22.895302,30.562832,35.805555,50.826682,55531,36904,49.735849056603776
743,2.658347,10.594249,17.440516,22.897692,30.568509,35.808213,50.88888,55615,36954,49.73620457604307
744,2.689683,10.629768,17.481715,22.933602,30.606303,35.83442,50.931458,55683,37004,49.736559139784944
745,2.668412,10.618373,17.495916,22.945484,30.614355,35.813266,51.002202,55764,37054,49.73691275167785
746,2.660236,10.594481,17.474478,22.936056,30.617018,35.804552,51.047912,55842,37104,49.7372654155496
747,3.149563,10.934983,17.962482,23.420447,31.096808,36.28758,51.081833,55916,37154,49.73761713520749
748,2.690284,10.908589,17.982372,23.441186,31.104062,36.298543,51.601621,56001,37204,49.7379679144385
749,2.700308,10.939111,18.005303,23.440409,31.106356,36.319217,51.658145,56063,37254,49.73831775700935
750,2.683614,10.946845,17.965308,23.455977,30.338575,36.324716,51.721813,56134,37304,49.73866666666667
751,2.712839,10.958549,18.006042,23.490674,30.346368,36.354509,51.765485,56208,37354,49.739014647137154
752,2.708256,10.962875,18.030921,23.519672,30.37323,36.369046,51.834804,56298,37404,49.73936170212766
753,2.689772,10.961929,17.994281,23.524586,30.382614,36.362542,51.895294,56361,37454,49.73970783532536
754,2.699873,10.942242,18.00872,23.522941,30.394571,36.171633,51.934346,56422,37504,49.740053050397876
755,2.705985,10.953768,18.01482,23.537217,29.954653,36.18752,51.980636,56502,37554,49.740397350993376
756,2.710607,10.274577,18.031054,23.535225,29.964373,36.16396,52.029079,56582,37604,49.74074074074074
757,2.741087,10.316189,18.072216,23.581113,30.009657,36.197876,52.078189,56659,37654,49.74108322324967
758,3.177295,10.263537,17.182311,24.058256,30.483542,36.670463,52.154132,56736,37704,49.74142480211082
759,2.733268,9.910963,17.196627,24.081134,30.50606,36.673451,52.662536,56814,37754,49.741765480895914
760,2.730147,9.891405,17.215034,24.095301,30.527946,36.683936,52.723105,56893,37804,49.742105263157896
761,2.722497,9.803305,17.211735,24.089622,30.529387,36.691414,52.776653,56970,37854,49.74244415243101
762,2.726032,9.782627,17.219402,24.099969,30.53582,36.688441,52.818976,57049,37904,49.74278215223097
763,2.736857,9.740651,17.204622,24.117825,30.551304,36.692287,52.861206,57124,37954,49.74311926605505
764,2.728809,9.733669,17.20583,24.116856,30.552511,36.689752,52.910755,57206,38004,49.7434554973822
765,2.767038,9.77566,17.2389,24.151117,30.589889,36.725125,52.948464,57283,38054,49.7437908496732
766,2.742807,9.767515,17.249828,24.16199,30.598234,36.73237,53.020822,57370,38104,49.74412532637076
767,2.754238,9.787568,17.259207,24.166245,30.604623,36.733243,53.064861,57443,38154,49.74445893089961
768,2.749666,9.798015,17.26186,24.173584,30.527645,36.744494,53.116933,57516,38204,49.744791666666664
769,2.782604,9.836361,17.305566,24.210802,30.535502,36.772256,53.16099,57592,38254,49.74512353706112
770,2.755285,9.844607,17.317493,24.218836,30.450302,36.668225,53.234379,57667,38304,49.74545454545454
771,2.757429,9.818694,17.32928,24.206527,30.463305,36.676648,53.276924,57754,38354,49.74578469520104
772,2.766412,9.831263,17.301888,24.21571,30.468079,36.686011,53.317535,57827,38404,49.74611398963731
773,2.769627,9.830163,17.316921,24.205678,30.480209,36.691745,53.363615,57890,38454,49.746442432082794
774,2.767746,9.831443,17.322056,24.207556,30.414556,36.701053,53.410023,57959,38504,49.746770025839794
775,2.77701,9.84426,17.334097,24.198157,30.383978,36.704224,53.451343,58032,38554,49.74709677419355
776,2.808235,9.877024,17.374929,24.085145,29.76971,36.739757,53.498513,58102,38604,49.74742268041237
777,2.775306,9.877599,17.376896,24.090775,29.770211,36.744995,53.573103,58182,38654,49.747747747747745
778,2.782183,9.86907,17.382144,24.043496,29.777858,36.754356,53.611011,58255,38704,49.74807197943445
779,2.784939,9.869273,17.37981,24.041206,29.779979,36.762378,53.652409,58317,38754,49.74839537869063
780,2.795982,9.820777,17.391793,24.043661,29.797287,36.768162,53.693694,58388,38804,49.748717948717946
781,2.801513,9.838016,17.408638,24.06331,29.814026,36.780706,53.742718,58462,38854,49.749039692701665
782,2.803836,9.853277,17.423331,24.081239,28.801459,36.797553,53.793647,58549,38904,49.749360613810744
783,2.797321,9.10642,17.427124,24.084983,28.79661,36.799626,53.842749,58625,38954,49.749680715197954
784,2.836084,9.140592,17.457072,24.07823,28.821193,36.836955,53.88169,58705,39004,49.75
785,2.805216,9.131688,17.470596,24.086374,28.822682,36.83437,53.955679,58784,39054,49.75031847133758
786,2.806828,9.137167,17.457127,24.089111,28.823268,36.806598,53.995106,58861,39104,49.75063613231552
787,2.813279,9.131006,17.468122,24.098975,28.823521,36.790489,54.032503,58934,39154,49.750952986022874
788,2.837117,9.137648,17.490705,24.115759,28.844416,36.816092,54.072967,59006,39204,49.75126903553299
789,2.815448,9.138756,17.494516,24.093994,28.828745,36.819249,54.133847,59082,39254,49.751584283903675
790,2.821268,9.047116,17.494575,24.098619,28.828483,36.818569,54.16935,59148,39304,49.75189873417722
791,2.841233,9.065608,17.482324,24.088669,28.846029,36.83721,54.207516,59205,39354,49.75221238938053
792,2.832534,9.074533,17.493659,24.102874,28.838249,36.845995,54.262947,59273,39404,49.75252525252525
793,2.838136,9.075722,17.504845,24.117496,28.843749,36.849546,54.306397,59340,39454,49.75283732660782
794,2.856565,9.074669,17.522252,24.097493,28.868802,36.871564,54.352291,59409,39504,49.75314861460957
795,2.849693,9.089727,17.516223,24.115203,28.825254,36.8861,54.413384,59477,39554,49.75345911949685
796,2.83868,9.087812,17.522742,24.121263,28.814582,36.87987,54.464478,59532,39604,49.753768844221106
797,2.86262,9.110963,17.538199,24.14754,28.838358,36.893963,54.502027,59603,39654,49.75407779171895
798,2.844035,9.11606,17.535028,24.112768,28.838256,36.892649,54.56024,59667,39704,49.75438596491228
799,3.733132,10.004216,18.420296,24.99861,29.705433,37.765556,54.59687,59749,39754,49.75469336670839
800,2.858769,10.012079,18.407873,24.992786,29.692789,37.771381,55.518732,59820,39804,49.755
801,2.88067,10.018291,18.439628,25.018082,29.716875,37.798427,55.562871,59881,39854,49.75530586766542
802,3.534178,10.733941,19.102046,25.696056,30.387509,38.450182,55.626041,59950,39904,49.755610972568576
803,2.861695,10.739334,19.096342,25.696641,30.386661,38.443394,56.339468,60018,39954,49.75591531755915
804,2.863452,10.737549,19.096496,25.701842,30.385103,38.33492,56.377261,60087,40004,49.756218905472636
805,2.873,10.573831,19.095764,25.690492,30.389179,38.28106,56.413588,60159,40054,49.756521739130434
806,2.901494,10.607803,19.122579,25.710394,30.426203,38.312239,56.456084,60241,40104,49.75682382133995
807,2.893687,10.63136,19.124455,25.59584,30.423179,38.314295,56.523204,60297,40154,49.75712515489467
808,2.875993,10.631944,19.112094,25.577133,30.402473,38.304032,56.5799,60368,40204,49.757425742574256
809,2.879305,10.626645,19.083052,25.5804,30.391347,38.299418,56.615561,60434,40254,49.75772558714462
810,3.251109,10.988329,19.450274,25.93763,30.76215,38.669447,56.651403,60495,40304,49.758024691358024
811,2.91112,11.009547,19.47857,25.966072,30.783001,38.690909,57.056212,60557,40354,49.75832305795314
812,2.885938,11.004061,19.455074,25.968741,30.771842,38.686609,57.118118,60623,40404,49.758620689655174
813,2.894269,11.007615,19.415384,25.97438,30.768877,38.69438,57.151684,60690,40454,49.758917589175894
814,2.927751,10.532311,19.445916,26.010479,30.802224,38.675896,57.190373,60757,40504,49.75921375921376
815,2.899658,10.498737,19.446634,26.011025,30.806414,38.681616,57.2594,60819,40554,49.75950920245399
816,2.89997,10.494384,19.382843,25.986572,30.806172,38.67159,57.297455,60882,40604,49.759803921568626
817,2.903371,10.457074,19.380398,25.989224,30.810209,38.674325,57.332815,60960,40654,49.76009791921665
818,2.93819,10.485057,19.40506,26.020512,30.841904,38.700477,57.367913,61029,40704,49.76039119804401
819,2.910156,10.522765,19.399889,26.024736,30.837556,38.679863,57.434591,61087,40754,49.76068376068376
820,2.930001,10.530391,19.393156,26.019115,30.846434,38.682546,57.470528,61149,40804,49.760975609756095
821,2.918616,10.519351,19.398174,25.953702,30.849364,38.669711,57.523413,61213,40854,49.761266747868454
822,2.918193,10.494565,18.985038,25.954261,30.84486,38.66669,57.561958,61292,40904,49.76155717761557
823,2.987081,10.558626,19.049858,26.004765,30.914831,38.732313,57.596155,61351,40954,49.76184690157959
824,2.935521,10.568594,19.062492,25.989946,30.904632,38.740906,57.696517,61411,41004,49.762135922330096
825,2.932367,10.572473,19.065288,25.998655,30.898831,38.72439,57.742424,61483,41054,49.762424242424245
826,2.946659,10.586641,19.081341,26.01842,30.916995,38.7353,57.78168,61549,41104,49.76271186440678
827,2.937724,10.593757,19.083836,26.009649,30.903475,38.691563,57.832128,61615,41154,49.76299879081016
828,3.720146,11.377216,19.855894,26.795454,31.688988,39.471671,57.870628,61686,41204,49.76328502415459
829,2.95454,11.392347,19.865823,26.114474,31.673263,39.485543,58.688292,61748,41254,49.76357056694813
830,2.951037,11.399421,19.87001,26.119621,31.675281,39.373545,58.737427,61820,41304,49.76385542168675
831,2.956388,11.403642,19.877705,26.134349,31.671018,39.383538,58.779712,61889,41354,49.76413959085439
832,2.98204,11.435225,19.908946,26.166648,31.703961,39.393883,58.824067,61945,41404,49.76442307692308
833,2.957562,11.433899,19.908476,26.173629,31.708446,39.396568,58.891416,62012,41454,49.76470588235294
834,2.997338,11.474392,19.948031,26.213386,31.752553,39.412104,58.931134,62075,41504,49.76498800959233
835,3.126439,11.637766,19.99609,26.369024,31.902124,39.578841,59.007684,62153,41554,49.76526946107784
836,2.989942,11.665736,19.923139,26.376238,31.927394,39.612217,59.209754,62215,41604,49.76555023923445
837,2.980203,11.67269,19.927703,26.388753,31.942904,39.602895,59.272391,62281,41654,49.76583034647551
838,2.990859,11.669581,19.923407,26.404946,31.958395,39.622965,59.32208,62354,41704,49.766109785202865
839,2.972124,11.655136,19.598512,26.4049,31.946421,39.563813,59.378961,62426,41754,49.76638855780691
840,2.991568,11.665993,19.60395,26.410464,31.911525,39.568458,59.413767,62500,41804,49.766666666666666
841,2.988026,11.672142,19.600965,26.420502,31.905503,39.559416,59.464529,62571,41854,49.76694411414982
842,3.017092,11.698808,19.610316,26.459943,31.920315,39.587845,59.508398,62637,41904,49.76722090261283
843,2.998473,11.687838,19.62374,26.470007,31.927183,39.598,59.578245,62704,41954,49.76749703440095
844,2.999975,11.694844,19.634929,26.486876,31.938763,39.611464,59.626327,62776,42004,49.76777251184834
845,3.037682,11.708045,19.658006,26.535549,31.985117,39.653988,59.672565,62845,42054,49.768047337278105
846,3.007601,11.712913,19.647158,26.527155,31.988733,39.669695,59.753224,62919,42104,49.76832151300236
847,2.999283,11.717781,19.503201,26.5307,31.988665,39.665026,59.800331,62998,42154,49.768595041322314
848,3.003237,11.236834,19.455139,26.528922,31.987736,39.650612,59.835218,63072,42204,49.7688679245283
849,3.036712,11.249082,19.487885,26.554077,31.989183,39.65513,59.870515,63130,42254,49.76914016489988
850,3.024913,11.239669,19.5029,26.521363,32.012032,38.89463,59.936569,63199,42304,49.76941176470588
851,3.018525,11.240695,19.486405,26.533898,32.01853,38.874224,59.987655,63265,42354,49.769682726204465
852,3.025063,11.219553,19.474172,26.542218,32.030969,38.884527,60.029294,63335,42404,49.76995305164319
853,3.029991,11.208844,19.481001,26.513353,32.043658,38.901686,60.074147,63421,42454,49.77022274325908
854,3.032062,11.217544,19.459913,26.526391,32.040612,38.912242,60.119828,63493,42504,49.77049180327869
855,3.029623,11.213173,19.460956,26.522008,32.044405,38.461841,60.164186,63562,42554,49.77076023391813
856,3.057265,11.230947,18.794917,26.551394,32.055565,38.484713,60.202761,63633,42604,49.771028037383175
857,3.050304,11.237675,18.812777,26.568804,32.077701,38.506245,60.26556,63701,42654,49.77129521586931
858,3.047533,11.211604,18.297846,25.21662,32.092565,38.517851,60.318203,63765,42704,49.77156177156177
859,3.096805,10.79931,17.977005,25.262669,32.147176,38.572102,60.365041,63837,42754,49.77182770663562
860,3.059739,10.794355,17.955613,25.279242,32.159509,38.592154,60.457721,63916,42804,49.77209302325581
861,3.080605,10.813612,17.89442,25.30285,32.180737,38.620502,60.50966,63988,42854,49.77235772357724
862,3.059467,10.819494,17.876089,25.312864,32.193431,38.629282,60.579003,64068,42904,49.77262180974478
863,3.060738,10.822959,17.826753,25.290724,32.203927,38.637406,60.623427,64124,42954,49.772885283893395
864,3.062697,10.818351,17.823211,25.295372,32.206398,38.642053,60.666409,64198,43004,49.773148148148145
865,3.060382,10.819743,17.828365,25.291605,32.203822,38.642594,60.707825,64262,43054,49.77341040462428
866,3.068368,10.791481,17.816189,25.298502,32.210664,38.646908,60.743935,64334,43104,49.773672055427255
867,3.073456,10.793205,17.826535,25.298174,32.205212,38.64359,60.78461,64396,43154,49.773933102652826
868,3.071458,10.781934,17.830283,25.294128,32.205852,38.559913,60.827409,64458,43204,49.774193548387096
869,3.152183,10.856568,17.910325,25.37953,32.284766,38.609466,60.865375,64534,43254,49.77445339470656
870,3.079096,10.825297,17.914619,25.387505,32.288848,38.520314,60.98058,64596,43304,49.774712643678164
871,3.110093,10.852956,17.914221,25.424807,32.302054,38.558832,61.019787,64662,43354,49.77497129735936
872,3.086616,10.855969,17.92082,25.391445,32.305267,38.557636,61.086888,64735,43404,49.77522935779817
873,3.088215,10.851745,17.912281,25.399039,32.287796,38.562327,61.127145,64816,43454,49.77548682703322
874,3.100168,10.855356,17.919053,25.409666,32.295166,38.502166,61.165211,64890,43504,49.775743707093824
875,3.100795,10.861181,17.928431,25.418268,32.282328,38.468149,61.211729,64957,43554,49.776
876,3.106869,10.863984,17.932773,25.430678,32.140894,37.825459,61.255628,65024,43604,49.77625570776256
877,3.110444,10.839863,17.942156,25.441453,32.155332,37.834768,61.302522,65098,43654,49.776510832383124
878,3.113929,10.852387,17.939274,25.452348,32.1137,37.848062,61.349469,65164,43704,49.77676537585421
879,3.115247,10.859697,17.944031,25.454568,32.115964,37.854737,61.396859,65235,43754,49.77701934015927
880,3.13489,10.883431,17.908226,25.479242,32.13111,37.884736,61.442235,65301,43804,49.777272727272724
881,3.122136,10.88351,17.920013,25.490635,32.145307,37.896023,61.504092,65371,43854,49.777525539160045
882,3.118437,10.874677,17.924118,25.494172,32.15208,36.8723,61.549887,65446,43904,49.77777777777778
883,3.137566,10.883349,17.192448,25.513152,32.171011,36.882638,61.588532,65531,43954,49.778029445073614
884,3.144397,10.905026,17.209534,25.526014,32.147172,36.890135,61.642319,65602,44004,49.77828054298642
885,3.197611,10.941506,17.267978,25.606886,32.222664,36.958972,61.699574,65673,44054,49.77853107344633
886,3.135513,10.947068,17.277407,25.597367,32.229351,36.963508,61.806661,65745,44104,49.77878103837472
887,3.132843,10.948635,17.266362,25.603478,32.234331,36.958877,61.848295,65804,44154,49.77903043968433
888,3.140964,10.952513,17.253044,25.606101,32.231155,36.959812,61.884516,65872,44204,49.77927927927928
889,3.166003,10.957817,17.281125,25.636885,32.236363,36.971114,61.925661,65937,44254,49.77952755905512
890,3.150068,10.969517,17.195365,25.642824,32.246868,36.976732,61.988799,66001,44304,49.779775280898875
891,3.150284,10.97579,17.200165,25.616881,32.223226,36.980586,62.033022,66070,44354,49.78002244668912
892,3.154752,10.966003,17.208002,25.627128,32.236343,36.971718,62.074198,66131,44404,49.780269058295964
893,3.16276,10.973351,17.210937,25.64006,32.252711,36.978964,62.116988,66211,44454,49.78051511758119
894,3.161212,10.972945,17.191049,25.638632,32.213873,36.985182,62.164024,66272,44504,49.78076062639821
895,3.160206,10.953442,17.193476,25.619972,32.218952,36.929003,62.20662,66341,44554,49.78100558659218
896,3.202023,10.982579,17.231711,25.666641,32.265162,36.958481,62.245034,66413,44604,49.78125
897,3.171183,10.991033,17.239376,25.666612,32.275953,36.966771,62.321877,66485,44654,49.78149386845039
898,3.176913,10.981246,17.253271,25.672239,32.249979,36.975467,62.364573,66558,44704,49.78173719376392
899,3.198053,11.010749,17.281833,25.697913,32.276227,36.98305,62.409566,66630,44754,49.78197997775306
900,3.215172,10.168523,17.321833,25.717627,32.30254,37.002543,62.472083,66694,44804,49.782222222222224
901,3.196361,10.182201,17.319822,25.741159,32.319613,37.018406,62.548711,66763,44854,49.782463928967815
902,3.196991,10.174196,17.373959,25.742064,32.336074,37.027527,62.603246,66829,44904,49.78270509977827
903,3.182827,9.498685,17.376324,25.733332,32.333631,37.023651,62.655326,66907,44954,49.78294573643411
904,3.190849,9.503261,17.377358,25.736305,32.341651,37.024912,62.689673,66974,45004,49.783185840707965
905,3.192169,9.507462,17.208293,25.730226,32.324954,37.023641,62.728881,67040,45054,49.78342541436464
906,3.1922,9.502435,17.208744,25.72352,32.311335,37.027144,62.766319,67115,45104,49.783664459161145
907,3.197655,9.47474,17.212413,25.705508,32.176893,37.004232,62.800289,67186,45154,49.78390297684675
908,3.227398,9.483817,17.239768,25.719918,32.184957,37.010297,62.836319,67253,45204,49.784140969163
909,3.223063,9.506538,17.253878,25.710285,32.207633,37.01858,62.899036,67319,45254,49.784378437843785
910,3.22129,9.524033,17.261253,25.723198,32.210554,37.035074,62.954146,67393,45304,49.784615384615385
911,3.231608,9.179297,17.277724,25.746747,32.234249,37.051178,63.003901,67458,45354,49.78485181119649
912,3.213764,9.156597,17.27472,25.725733,32.2394,37.042501,63.060951,67518,45404,49.78508771929825
913,3.249966,9.195589,17.308935,25.716704,32.2757,37.070197,63.097307,67577,45454,49.78532311062432
914,3.222857,9.199586,16.804146,25.717751,32.282314,37.074059,63.167102,67647,45504,49.7855579868709
915,3.220778,9.167826,16.766905,25.714802,32.279193,37.074582,63.206448,67705,45554,49.785792349726776
916,3.253443,9.19695,16.791364,25.679823,32.283552,37.103152,63.240962,67778,45604,49.786026200873366
917,3.746255,9.718146,17.271849,26.195173,32.803999,37.624984,63.304706,67846,45654,49.786259541984734
918,3.935469,10.42569,17.972557,26.89256,33.508012,38.329404,63.858134,67906,45704,49.78649237472767
919,3.247764,10.411132,18.023741,26.900865,33.525712,38.338532,64.597959,67972,45754,49.786724700761695
920,3.399545,10.576015,18.176405,27.03917,33.665129,38.492448,64.646998,68049,45804,49.78695652173913
921,3.243624,10.56441,18.165145,27.043968,33.599496,38.495158,64.844199,68111,45854,49.787187839305105
922,3.276496,10.597102,18.173474,26.663947,33.63317,38.523769,64.882564,68169,45904,49.78741865509761
923,3.253413,10.608352,18.179897,26.671129,33.626036,38.536102,64.951094,68237,45954,49.78764897074756
924,4.640993,11.937839,19.570912,28.06481,34.992264,39.90695,64.993363,68302,46004,49.78787878787879
925,3.250719,11.928525,19.568631,28.061446,34.994813,39.894989,66.42023,68364,46054,49.788108108108105
926,3.265166,11.937439,19.577421,28.072121,35.0092,39.907775,66.453953,68432,46104,49.78833693304536
927,3.285961,11.952738,19.608771,28.09885,35.024663,39.918489,66.498905,68509,46154,49.78856526429342
928,3.330535,12.020934,19.678004,28.156682,35.096242,39.989776,66.561027,68577,46204,49.78879310344828
929,3.272068,11.248339,19.686146,28.159622,34.408273,39.967062,66.664563,68642,46254,49.78902045209903
930,3.288833,11.25802,19.706404,28.176993,34.426604,39.982264,66.706614,68702,46304,49.78924731182796
931,3.301394,11.284249,19.731503,28.205566,34.46221,39.998879,66.762567,68758,46354,49.78947368421053
932,3.288223,11.292589,19.745774,28.219495,34.477197,40.01451,66.828433,68817,46404,49.78969957081545
933,3.280262,11.267248,19.743585,28.218162,34.483315,40.018132,66.878402,68886,46454,49.78992497320471
934,3.289197,11.275217,19.752271,28.22591,34.491265,40.030432,66.917154,68940,46504,49.79014989293362
935,3.288568,11.243185,19.754512,28.112836,34.48577,40.01887,66.962301,69006,46554,49.7903743315508
936,3.3064,11.100388,19.776182,28.033585,34.486684,40.03784,67.003742,69064,46604,49.79059829059829
937,3.301255,11.089146,19.781633,28.036646,34.497696,40.051847,67.060282,69132,46654,49.790821771611526
938,3.316984,11.103433,19.782155,28.035981,34.51752,40.070969,67.108529,69198,46704,49.791044776119406
939,3.301035,11.091539,19.774551,27.717927,34.524315,40.065836,67.169465,69266,46754,49.791267305644304
940,3.326024,11.123536,19.797961,27.735918,34.542432,40.043493,67.211279,69329,46804,49.791489361702126
941,3.337449,11.14811,19.832226,27.761049,34.580586,40.065587,67.27519,69392,46854,49.791710945802336
942,3.343715,11.182914,19.86463,27.776138,34.625765,40.086137,67.347597,69465,46904,49.79193205944798
943,3.359355,11.203892,19.893257,27.829159,34.675426,40.132602,67.422782,69531,46954,49.79215270413574
944,4.048341,11.932446,20.627315,28.5674,35.419347,40.871234,67.510432,69592,47004,49.79237288135593
945,3.319794,11.931489,20.601852,28.551813,35.429356,40.878924,68.28426,69658,47054,49.79259259259259
946,3.317018,11.890278,20.59559,28.529835,35.409832,40.87141,68.326484,69729,47104,49.79281183932347
947,3.335245,11.897519,20.616017,28.401437,35.428936,40.886901,68.362605,69792,47154,49.793030623020066
948,3.322486,11.901311,20.134908,28.353213,35.426996,40.88581,68.414043,69864,47204,49.79324894514768
949,3.379115,11.957981,20.170351,28.409154,35.475346,40.910452,68.449381,69925,47254,49.79346680716544
950,3.360839,11.962794,20.17755,28.440781,35.459244,40.949913,68.538524,69983,47304,49.793684210526315
951,3.339064,11.9581,20.18027,28.42598,35.473473,40.958105,68.606691,70047,47354,49.79390115667718
952,3.345282,11.966116,20.160606,28.415225,35.483271,40.972022,68.650128,70109,47404,49.794117647058826
953,3.358175,11.980858,20.159711,28.431868,35.46422,40.994525,68.69683,70181,47454,49.79433368310598
954,3.342308,11.975376,20.160858,28.403227,35.469705,40.983926,68.752896,70240,47504,49.79454926624738
955,3.348655,11.974758,20.158308,28.406091,35.467143,40.98954,68.790289,70301,47554,49.79476439790576
956,3.36098,11.989321,20.163003,27.726973,35.48345,40.987621,68.831102,70372,47604,49.79497907949791
957,3.351837,11.966959,20.15433,27.729432,35.485459,40.994356,68.880682,70449,47654,49.79519331243469
958,3.385057,11.984289,20.14836,27.234602,34.153376,41.029321,68.917435,70512,47704,49.79540709812109
959,3.362131,11.981549,19.684054,26.861749,34.147413,41.03192,68.984459,70587,47754,49.7956204379562
960,3.362562,11.929896,19.664512,26.82577,34.149399,41.029666,69.025055,70656,47804,49.795833333333334
961,3.782889,12.336065,20.069072,27.14988,34.55831,41.436197,69.062836,70720,47854,49.79604578563996
962,3.366796,12.30582,20.065847,27.122442,34.559217,41.439784,69.518027,70800,47904,49.7962577962578
963,3.37227,12.302214,20.064435,27.068229,34.5322,41.445403,69.553371,70866,47954,49.796469366562825
964,3.391404,12.31605,20.071704,27.076564,34.548725,41.459751,69.591055,70944,48004,49.79668049792531
965,3.413194,12.349409,20.10877,27.117392,34.580632,41.492849,69.64404,71001,48054,49.79689119170985
966,3.397671,12.3699,20.093013,27.117721,34.600034,41.512196,69.716164,71069,48104,49.79710144927536
967,3.392044,12.377072,20.096821,27.130151,34.60179,41.508828,69.769638,71139,48154,49.79731127197518
968,3.396283,12.383056,20.093532,27.141881,34.605726,41.51745,69.814182,71207,48204,49.79752066115702
969,3.398285,12.392729,20.097114,27.150871,34.620076,41.525312,69.859819,71276,48254,49.79772961816305
970,3.511248,12.434895,20.181096,27.270418,34.743304,41.644647,69.904227,71351,48304,49.7979381443299
971,3.401006,12.439386,20.182249,27.243514,34.7541,41.631347,70.058167,71407,48354,49.79814624098867
972,3.405721,12.41809,20.187443,27.252294,34.722919,41.636741,70.099257,71474,48404,49.79835390946502
973,3.408863,12.423628,20.187158,27.247694,34.734452,41.623209,70.14191,71532,48454,49.798561151079134
974,3.413097,12.432846,20.188034,27.251731,34.742344,41.627844,70.18496,71603,48504,49.79876796714579
975,3.417602,12.43475,20.195136,27.262386,34.752223,41.616283,70.228877,71662,48554,49.798974358974355
976,3.420938,12.439831,20.196946,27.265735,34.76364,41.473856,70.274521,71732,48604,49.799180327868854
977,3.421032,12.438801,20.16822,27.270513,34.76981,41.483689,70.320291,71814,48654,49.799385875127946
978,3.423622,12.43652,20.174978,27.261865,34.774939,41.436291,70.362367,71867,48704,49.79959100204499
979,3.435519,12.443161,20.187611,27.271945,34.782482,41.443878,70.404501,71945,48754,49.79979570990807
980,3.446973,12.459713,20.208254,27.233049,34.804065,41.455933,70.454975,72019,48804,49.8
981,3.442154,12.451495,20.212869,27.249372,34.819994,41.474666,70.513433,72086,48854,49.80020387359837
982,3.435534,12.449573,20.205813,27.255254,34.825308,41.483216,70.563926,72154,48904,49.80040733197556
983,3.436207,12.452273,20.198056,26.507155,34.827859,41.485718,70.604598,72218,48954,49.80061037639878
984,3.432702,12.433222,20.193851,26.498359,34.814839,41.435997,70.642839,72277,49004,49.800813008130085
985,3.453822,12.42903,20.172925,26.499397,34.838305,41.454083,70.674782,72349,49054,49.801015228426394
986,3.449158,12.366979,20.178534,26.508873,34.828833,41.460817,70.724482,72418,49104,49.801217038539555
987,3.504258,12.422173,20.237965,26.555692,34.892808,41.523661,70.76621,72502,49154,49.801418439716315
988,3.455638,12.430221,20.24177,26.542301,34.895358,41.520412,70.859099,72572,49204,49.80161943319838
989,3.476808,12.451187,20.243001,26.566309,34.922069,41.521547,70.90004,72648,49254,49.80182002022244
990,3.464782,12.434466,20.253915,26.479763,34.927222,41.531266,70.958483,72716,49304,49.8020202020202
991,3.473828,12.442563,20.268069,26.492444,34.90916,41.515505,71.001757,72792,49354,49.80221997981837
992,3.471966,12.448317,20.259568,26.501567,34.920693,41.529908,71.050549,72859,49404,49.80241935483871
993,3.472228,12.449622,20.260213,26.497799,34.926922,41.539573,71.094382,72929,49454,49.80261832829809
994,3.497128,12.468339,20.280072,26.498176,34.945759,41.521,71.135235,73008,49504,49.80281690140845
995,3.49135,12.482095,20.275331,26.515365,34.941861,41.540841,71.197365,73083,49554,49.803015075376884
996,3.482572,12.487792,20.268348,26.51748,34.95241,41.550931,71.250254,73154,49604,49.803212851405625
997,3.540056,12.509103,20.328953,26.577296,35.004532,41.613873,71.290924,73233,49654,49.80341023069207
998,3.494071,12.514826,20.319159,26.591184,35.010152,41.587892,71.385328,73303,49704,49.80360721442886
999,3.495763,12.516737,20.329433,26.600517,35.016597,41.594911,71.43054,73376,49754,49.8038038038038
